snapped_at,price,market_cap,total_volume
2022-05-25 00:00:00 UTC,0.0002002219022238966,0.0,5738.572790941961
2022-05-26 00:00:00 UTC,0.0002002219022238966,0.0,5738.572790941961
2022-05-27 00:00:00 UTC,0.00018110937099363026,0.0,4899.445296332329
2022-05-28 00:00:00 UTC,0.00020191117081138282,0.0,28229.11371605861
2022-05-29 00:00:00 UTC,0.0002017900268829988,0.0,46359.60829883884
2022-05-30 00:00:00 UTC,0.00017316337659944672,0.0,35552.800059036344
2022-05-31 00:00:00 UTC,0.00018908443410710807,0.0,39812.64055855132
2022-06-01 00:00:00 UTC,0.00018859818515215595,0.0,40149.57529112131
2022-06-02 00:00:00 UTC,0.0001840236139698408,0.0,41425.10107894451
2022-06-03 00:00:00 UTC,0.0004002476378226652,0.0,91798.61309076744
2022-06-04 00:00:00 UTC,0.000589899688517051,0.0,145066.95787249063
2022-06-05 00:00:00 UTC,0.0005572960860447138,0.0,153028.753025386
2022-06-06 00:00:00 UTC,0.000499830135291257,0.0,109415.93078352204
2022-06-07 00:00:00 UTC,0.0003999812038610339,0.0,93508.49853864225
2022-06-08 00:00:00 UTC,0.00044047871104757987,0.0,97040.9457206138
2022-06-09 00:00:00 UTC,0.0004995499498611726,0.0,118276.0778387446
2022-06-10 00:00:00 UTC,0.0005583559843026899,0.0,144529.61766879473
2022-06-11 00:00:00 UTC,0.0004912128130476121,0.0,120477.32256965933
2022-06-12 00:00:00 UTC,0.0004838069323326232,0.0,102239.12968944611
2022-06-13 00:00:00 UTC,0.0004328992932682846,0.0,88311.4557276827
2022-06-14 00:00:00 UTC,0.0003880333545844682,0.0,89101.76238397938
2022-06-15 00:00:00 UTC,0.00031350300377127363,0.0,76473.04609371023
2022-06-16 00:00:00 UTC,0.0003901544702674084,0.0,83813.52002637167
2022-06-17 00:00:00 UTC,0.0004205503238476964,0.0,90351.20231878645
2022-06-18 00:00:00 UTC,0.0003568296258658761,0.0,84557.45930939371
2022-06-19 00:00:00 UTC,0.00034035368592737127,0.0,70993.80803755783
2022-06-20 00:00:00 UTC,0.0003167372702983396,0.0,69367.49680039509
2022-06-21 00:00:00 UTC,0.00037156001047740784,0.0,86892.78997501983
2022-06-22 00:00:00 UTC,0.00044807856585023226,0.0,108426.4768408916
2022-06-23 00:00:00 UTC,0.0003654415714857687,0.0,83447.54321080924
2022-06-24 00:00:00 UTC,0.00037253983942233667,0.0,75351.03397236447
2022-06-25 00:00:00 UTC,0.00038356067583839726,0.0,84385.05489170855
2022-06-26 00:00:00 UTC,0.00035201833609748524,0.0,74385.70846402366
2022-06-27 00:00:00 UTC,0.00036761719823655585,0.0,81610.09550969758
2022-06-28 00:00:00 UTC,0.0003542852710798399,0.0,79058.7077306609
2022-06-29 00:00:00 UTC,0.00035467783837419447,0.0,73828.05482878782
2022-06-30 00:00:00 UTC,0.0004145944450084407,0.0,96805.48379584061
2022-07-01 00:00:00 UTC,0.00033191872918206933,0.0,69376.56804510641
2022-07-02 00:00:00 UTC,0.0003349440063076582,0.0,75569.63269039418
2022-07-03 00:00:00 UTC,0.0003076663660937021,0.0,64572.21651584914
2022-07-04 00:00:00 UTC,0.00030007044472401374,0.0,68636.70299181298
2022-07-05 00:00:00 UTC,0.0002865038406726554,0.0,67169.80410922048
2022-07-06 00:00:00 UTC,0.0002692923243747101,0.0,65271.32533805816
2022-07-07 00:00:00 UTC,0.0002800985485505663,0.0,61542.92501863222
2022-07-08 00:00:00 UTC,0.00027493175897645743,0.0,59687.29104330938
2022-07-09 00:00:00 UTC,0.00024891780053297213,0.0,52942.71384762205
2022-07-10 00:00:00 UTC,0.00023572591899257678,0.0,51463.42121783322
2022-07-11 00:00:00 UTC,0.0002398766597109393,0.0,53169.218733362504
2022-07-12 00:00:00 UTC,0.0002397215223712747,0.0,54956.03773602381
2022-07-13 00:00:00 UTC,0.00024459137735882773,0.0,51304.6562970431
2022-07-14 00:00:00 UTC,0.0002310398989469453,0.0,52228.94875768701
2022-07-15 00:00:00 UTC,0.0002439041433362167,0.0,51252.10550502531
2022-07-16 00:00:00 UTC,0.0002505323237516459,0.0,59981.92585500657
2022-07-17 00:00:00 UTC,0.0002331360353125798,0.0,53680.20389795046
2022-07-18 00:00:00 UTC,0.00024351851406600403,0.0,53641.97703033127
2022-07-19 00:00:00 UTC,0.00024221992203884464,0.0,49893.77745063779
2022-07-20 00:00:00 UTC,0.00022115604326868214,0.0,46501.783688981835
2022-07-21 00:00:00 UTC,0.0002096050755518065,0.0,45490.00990096149
2022-07-22 00:00:00 UTC,0.00021083070702138313,0.0,49469.40151869035
2022-07-23 00:00:00 UTC,0.0002350719188267578,0.0,49394.294652198136
2022-07-24 00:00:00 UTC,0.00022170574708528523,0.0,48015.79650060516
2022-07-25 00:00:00 UTC,0.00023897290423587913,0.0,55081.6195047882
2022-07-26 00:00:00 UTC,0.00023004628932069853,0.0,48511.76317756511
2022-07-27 00:00:00 UTC,0.00026128446332905766,0.0,62434.25824276416
2022-07-28 00:00:00 UTC,0.0002843195074133619,0.0,71025.06344009185
2022-07-29 00:00:00 UTC,0.00039660123513902436,0.0,118500.84980477618
2022-07-30 00:00:00 UTC,0.00045650394084405737,0.0,142846.43760081305
2022-07-31 00:00:00 UTC,0.0006899963311744451,0.0,239116.65282139846
2022-08-01 00:00:00 UTC,0.0008709462898793457,0.0,256638.50599575025
2022-08-02 00:00:00 UTC,0.0007197703679400579,0.0,274532.70038715465
2022-08-03 00:00:00 UTC,0.0007999214845874442,0.0,195771.89083305243
2022-08-04 00:00:00 UTC,0.0007043848893055618,0.0,175244.5089103267
2022-08-05 00:00:00 UTC,0.0006144172282535888,0.0,139371.77217092473
2022-08-06 00:00:00 UTC,0.0006945969420048782,0.0,156069.92299021827
2022-08-07 00:00:00 UTC,0.000610944696985824,0.0,137305.98680408543
2022-08-08 00:00:00 UTC,0.0006007104688687492,0.0,158289.01305184924
2022-08-09 00:00:00 UTC,0.0006740151323865252,7699852.166133142,159917.9977196038
2022-08-10 00:00:00 UTC,0.0006508056637812268,7456499.636006511,148833.70278389516
2022-08-11 00:00:00 UTC,0.0007095620453743129,7924416.4521436645,175970.05053961635
2022-08-12 00:00:00 UTC,0.0007602524356540927,8753596.008075807,174292.1046266881
2022-08-13 00:00:00 UTC,0.0008996120309719516,10392666.524303414,229407.8629026762
2022-08-14 00:00:00 UTC,0.0011441502847770984,13258609.952438897,328051.0451039833
2022-08-15 00:00:00 UTC,0.001305461701087299,15692440.068702161,380426.6478977934
2022-08-16 00:00:00 UTC,0.0013803208675202182,16078213.072658662,399505.99571177544
2022-08-17 00:00:00 UTC,0.0024283909912791862,28407594.114384234,760726.7276307086
2022-08-18 00:00:00 UTC,0.0029988290665455184,35113830.05281249,834007.410013813
2022-08-19 00:00:00 UTC,0.003206283329367993,37607884.57156805,1009877.4508753454
2022-08-20 00:00:00 UTC,0.0024123437860548713,28409674.382162582,750529.5078713308
2022-08-21 00:00:00 UTC,0.002198127573207499,25936194.8133319,621261.3860179227
2022-08-22 00:00:00 UTC,0.002509853461345147,29712466.489700314,591363.376978671
2022-08-23 00:00:00 UTC,0.0024169846097329903,28671821.830837328,596469.9688854174
2022-08-24 00:00:00 UTC,0.0029031392470491835,34531465.282410204,809300.3788803957
2022-08-25 00:00:00 UTC,0.0035802532525805015,42720606.285514705,933644.6819507016
2022-08-26 00:00:00 UTC,0.0031321162330572093,37474600.33541854,797675.7030162732
2022-08-27 00:00:00 UTC,0.0025475339474891256,31285333.641435523,666497.2831440825
2022-08-28 00:00:00 UTC,0.0027407028409950373,32495195.072545167,670232.1420990339
2022-08-29 00:00:00 UTC,0.00232690270466718,28077897.985646266,548652.5037339602
2022-08-30 00:00:00 UTC,0.0025910506488411047,31267554.44478,604134.5315866126
2022-08-31 00:00:00 UTC,0.0029112367420327558,35395049.62621526,712604.3581271028
2022-09-01 00:00:00 UTC,0.0026978386457034197,32389475.9429785,619386.4232517112
2022-09-02 00:00:00 UTC,0.0029354578445755296,35723209.05059599,717831.9341969978
2022-09-03 00:00:00 UTC,0.002736981242923174,32924149.26005487,699381.803534268
2022-09-04 00:00:00 UTC,0.002681306546803155,32842172.076145463,625093.7792445133
2022-09-05 00:00:00 UTC,0.0028138328654372033,34558676.05759706,695499.9228713326
2022-09-06 00:00:00 UTC,0.002737980380328549,33662509.4679429,683371.945010133
2022-09-07 00:00:00 UTC,0.002800157523703367,34844281.368667655,715846.4728704314
2022-09-08 00:00:00 UTC,0.0034552296072282306,42770059.12395784,911926.9502590017
2022-09-09 00:00:00 UTC,0.004197867698798502,51905472.8485148,1360962.433493483
2022-09-10 00:00:00 UTC,0.004807053860883112,59761660.94369529,1552170.8207253157
2022-09-11 00:00:00 UTC,0.004600307797418891,57357312.3955331,1175438.2134477082
2022-09-12 00:00:00 UTC,0.0044389722538880445,55592669.7941507,1050000.5589025398
2022-09-13 00:00:00 UTC,0.00404594815589712,50711618.66952049,989478.8598547098
2022-09-14 00:00:00 UTC,0.003906832865561091,49335928.275960624,1013940.1646462373
2022-09-15 00:00:00 UTC,0.00428937841024766,53984633.09864385,1080049.1502373526
2022-09-16 00:00:00 UTC,0.0037502608414158264,48078883.49627086,896970.9732114648
2022-09-17 00:00:00 UTC,0.004196724127862294,52990929.643277146,1181458.8769605453
2022-09-18 00:00:00 UTC,0.0048999729984515236,62135988.64568302,1225052.478709496
2022-09-19 00:00:00 UTC,0.004699211710272025,59775550.89932714,1263479.2178596312
2022-09-20 00:00:00 UTC,0.004299149927315486,54766302.75972056,988478.0856039285
2022-09-21 00:00:00 UTC,0.004454153005176952,56929691.05677018,1072184.6642965144
2022-09-22 00:00:00 UTC,0.00444540880441576,56039654.776607305,1099291.8350902149
2022-09-23 00:00:00 UTC,0.00447570261503435,57346352.99632915,1068527.166853947
2022-09-24 00:00:00 UTC,0.004153791938752593,53523579.15512669,1051704.7046607614
2022-09-25 00:00:00 UTC,0.003897503237569516,51091403.38053004,899131.5586273449
2022-09-26 00:00:00 UTC,0.0038725043407730124,50044073.19123188,889450.551883823
2022-09-27 00:00:00 UTC,0.004718938028600247,61067432.89459803,1374891.020752009
2022-09-28 00:00:00 UTC,0.003987032108972597,53218364.23548474,1073224.0298160075
2022-09-29 00:00:00 UTC,0.003794052686953095,49052972.18513575,968837.221982614
2022-09-30 00:00:00 UTC,0.0029772114193647153,38642428.28913634,770248.4434726745
2022-10-01 00:00:00 UTC,0.0032941401825571127,42177846.46406725,768338.2518452761
2022-10-02 00:00:00 UTC,0.003217463513754435,42172785.759560585,734953.261350502
2022-10-03 00:00:00 UTC,0.002881528887333417,37619838.44465757,655205.1134461123
2022-10-04 00:00:00 UTC,0.0024884044366398684,32786853.939634886,627887.2705855044
2022-10-05 00:00:00 UTC,0.0022583056204830724,29797302.538896915,529179.5339439888
2022-10-06 00:00:00 UTC,0.0023838849037373768,31515471.189285126,595874.4919559935
2022-10-07 00:00:00 UTC,0.002347970817580029,31115480.00022463,547401.4528720345
2022-10-08 00:00:00 UTC,0.002416734299250676,32076362.043250676,581614.680105911
2022-10-09 00:00:00 UTC,0.002517896134388299,33521382.338715795,581483.2067170563
2022-10-10 00:00:00 UTC,0.002786341450504565,37059831.00615967,718474.5663875004
2022-10-11 00:00:00 UTC,0.002531488794090725,33912221.59331021,614681.6567124596
2022-10-12 00:00:00 UTC,0.002474419516006635,32920045.503409002,595039.5344993279
2022-10-13 00:00:00 UTC,0.0021902474093059452,29419080.324396458,526519.5027394904
2022-10-14 00:00:00 UTC,0.002186469182725175,28216276.69687501,550847.3049805401
2022-10-15 00:00:00 UTC,0.0022305379273901793,28812899.494653013,491168.8528382644
2022-10-16 00:00:00 UTC,0.00212050691219733,27150579.853936475,485913.3061378329
2022-10-17 00:00:00 UTC,0.002291214153555751,30976061.87281275,473188.5641676953
2022-10-18 00:00:00 UTC,0.0020992695076735603,28481164.312836107,481393.73358916485
2022-10-19 00:00:00 UTC,0.0019893975304355045,27049513.18188588,448176.4479166637
2022-10-20 00:00:00 UTC,0.0018203175883989133,24884156.653292958,421022.31970474677
2022-10-21 00:00:00 UTC,0.0016220831538436955,22141443.152544152,429920.68973043317
2022-10-22 00:00:00 UTC,0.0017158737903364906,24003839.647959925,414375.6981840434
2022-10-23 00:00:00 UTC,0.0015863622920684593,21690763.43653701,360391.7012367857
2022-10-24 00:00:00 UTC,0.001769599320203751,24699843.307397775,413283.91266673245
2022-10-25 00:00:00 UTC,0.001746916977850339,24054198.094194926,387849.2417333977
2022-10-26 00:00:00 UTC,0.0017681473767356532,24401409.697920427,400479.1919453912
2022-10-27 00:00:00 UTC,0.002023237500429763,27969630.302631956,475326.868515842
2022-10-28 00:00:00 UTC,0.001898702297589975,25733196.73328601,440443.5328604848
2022-10-29 00:00:00 UTC,0.0018796523658654524,26087286.44635439,416270.35208482906
2022-10-30 00:00:00 UTC,0.0019006740601959908,26461527.636426564,435690.23756433575
2022-10-31 00:00:00 UTC,0.0018613832677724246,25920321.292163715,414659.72578917124
2022-11-01 00:00:00 UTC,0.0019789163776077765,27637203.690972768,479293.50910609565
2022-11-02 00:00:00 UTC,0.002701519964601092,37782413.713367775,651544.5149680625
2022-11-03 00:00:00 UTC,0.002796356660272431,39220297.025146514,673555.3244895543
2022-11-04 00:00:00 UTC,0.003228219772891906,45330355.210271865,795016.8122547864
2022-11-05 00:00:00 UTC,0.003996269118800719,56477588.910647705,1147141.9436336248
2022-11-06 00:00:00 UTC,0.003964650135683505,55952486.95868133,1055395.4122023864
2022-11-07 00:00:00 UTC,0.00420086095724189,58591322.304121844,1014075.5002183255
2022-11-08 00:00:00 UTC,0.003943938512645567,55835485.626775265,1002600.1128609844
2022-11-09 00:00:00 UTC,0.003991771669974859,56758198.90775415,982288.7363621256
2022-11-10 00:00:00 UTC,0.00356669711623607,50709457.4738788,1057617.0153160424
2022-11-11 00:00:00 UTC,0.004389712909944791,62525283.820038915,1119845.9637894144
2022-11-12 00:00:00 UTC,0.004297684578307581,60229812.54705921,1086754.7619622387
2022-11-13 00:00:00 UTC,0.004095443892137729,58475373.23529653,943501.737129939
2022-11-14 00:00:00 UTC,0.005005759012379803,71593762.47594307,1326621.466714855
2022-11-15 00:00:00 UTC,0.006551400642069086,94223279.52048214,1806098.666881904
2022-11-16 00:00:00 UTC,0.005783167072302967,82798804.57013653,1631173.6525364753
2022-11-17 00:00:00 UTC,0.006464237008014309,93064381.04817303,1604925.0430689165
2022-11-18 00:00:00 UTC,0.0063990885829192995,91249598.08955225,1536757.359793395
2022-11-19 00:00:00 UTC,0.006281646500805165,90816527.76018293,1443272.0666688825
2022-11-20 00:00:00 UTC,0.0068028018433102765,98496197.08286636,1630864.5300155787
2022-11-21 00:00:00 UTC,0.00781209041044924,113326753.52588913,2254284.5807709624
2022-11-22 00:00:00 UTC,0.006702318137059826,97431333.06711227,1821477.6647118526
2022-11-23 00:00:00 UTC,0.00739756627616395,108083668.34832214,1925850.7631796335
2022-11-24 00:00:00 UTC,0.007264724067035011,106090384.72487009,1705461.536917869
2022-11-25 00:00:00 UTC,0.007803658460159312,114105037.03904805,1816873.358634967
2022-11-26 00:00:00 UTC,0.008964185782898567,133104691.33889309,2238926.2429820914
2022-11-27 00:00:00 UTC,0.008976227564661543,131691339.35453178,2268841.6933593424
2022-11-28 00:00:00 UTC,0.009473553363539838,138708146.53466916,2560436.020974647
2022-11-29 00:00:00 UTC,0.008869749020630814,132158601.48415163,2442109.4499032856
2022-11-30 00:00:00 UTC,0.009001462155370373,132806996.95182234,2161387.4549852586
2022-12-01 00:00:00 UTC,0.008729420163974076,127418528.57725649,2089412.0581281926
2022-12-02 00:00:00 UTC,0.008327323963170674,123245735.03911714,2059418.3686436287
2022-12-03 00:00:00 UTC,0.007503683813480006,111272163.36029094,1810786.2376430011
2022-12-04 00:00:00 UTC,0.006602886973476523,98487870.35663222,1613158.3626682681
2022-12-05 00:00:00 UTC,0.007293059405078203,108869076.70929918,1784018.1038740452
2022-12-06 00:00:00 UTC,0.008298262784995063,122192935.14034757,1950655.3440088828
2022-12-07 00:00:00 UTC,0.007714444356011047,115421772.79511763,1826830.2604572703
2022-12-08 00:00:00 UTC,0.007502144024684726,112894302.74980986,1614677.9097327986
2022-12-09 00:00:00 UTC,0.007320885076122166,109726326.74728315,1691265.3947102975
2022-12-10 00:00:00 UTC,0.0073326594675481895,110161590.82532384,1612484.323322671
2022-12-11 00:00:00 UTC,0.007207606963230102,109722966.56913044,1586216.5222901318
2022-12-12 00:00:00 UTC,0.007067897518519824,106567364.2193112,1504606.3906607954
2022-12-13 00:00:00 UTC,0.006975484348947306,105388252.47349033,1589691.676974454
2022-12-14 00:00:00 UTC,0.006316216160410814,95642488.35919127,1477682.4420597935
2022-12-15 00:00:00 UTC,0.006082781664178896,94112061.73046178,1401294.780063459
2022-12-16 00:00:00 UTC,0.005871858980595699,89268598.55775885,1300504.3317656186
2022-12-17 00:00:00 UTC,0.005313588563673639,77683237.99918422,1374929.9343559498
2022-12-18 00:00:00 UTC,0.006100693966338213,92961543.75659405,1395182.3332301325
2022-12-19 00:00:00 UTC,0.0056509727348491665,86198114.6613143,1280073.8656275757
2022-12-20 00:00:00 UTC,0.005416455185781292,82619926.33176044,1260537.0673912992
2022-12-21 00:00:00 UTC,0.005190865825125088,80685482.90528026,1217472.9173588823
2022-12-22 00:00:00 UTC,0.005630725736145121,86169906.05042571,1340982.9859535738
2022-12-23 00:00:00 UTC,0.005778438533528606,88520391.4434817,1306551.591753367
2022-12-24 00:00:00 UTC,0.00529378145599295,81381338.2134939,1258227.7155191752
2022-12-25 00:00:00 UTC,0.005284042174587446,81333763.00540724,1116246.1617944448
2022-12-26 00:00:00 UTC,0.005351701167345806,82519028.5109328,1160964.0151628207
2022-12-27 00:00:00 UTC,0.005096817615303824,78920587.37161916,1103583.9038248775
2022-12-28 00:00:00 UTC,0.004908631979815043,77328565.88318425,1061987.6573723815
2022-12-29 00:00:00 UTC,0.004781289462670297,73575564.35764453,1316082.6241192312
2022-12-30 00:00:00 UTC,0.004630839649016875,71871132.26937868,1050303.3276394506
2022-12-31 00:00:00 UTC,0.005058350109271157,78678948.73489165,1184083.1286503966
2023-01-01 00:00:00 UTC,0.005393330593446633,84021508.39598715,1183505.3095247948
2023-01-02 00:00:00 UTC,0.005240643400206961,81952293.77443081,1073584.4978559038
2023-01-03 00:00:00 UTC,0.00519818425652742,81149145.89612126,1114410.5121073052
2023-01-04 00:00:00 UTC,0.004999703767930807,78243997.62007977,1108241.6748728242
2023-01-05 00:00:00 UTC,0.0051149393008455835,80107716.87259078,1163097.8760567526
2023-01-06 00:00:00 UTC,0.004600939504809476,71890976.24510251,1031098.5872956781
2023-01-07 00:00:00 UTC,0.004533107259288545,71275223.14325306,1050887.7253928275
2023-01-08 00:00:00 UTC,0.0044636486455923085,70214465.41731507,951981.6399631524
2023-01-09 00:00:00 UTC,0.004880027154766578,77416072.88220623,1047943.686777737
2023-01-10 00:00:00 UTC,0.00491327380313061,77561775.1753885,1178342.6941647842
2023-01-11 00:00:00 UTC,0.004667605763251315,74356931.90047807,1035596.9801072964
2023-01-12 00:00:00 UTC,0.00500013131928897,79320203.08150609,1127509.9236007938
2023-01-13 00:00:00 UTC,0.005550605179549746,88101232.49408463,1274246.8149456223
2023-01-14 00:00:00 UTC,0.006159882933402303,97859762.81060036,1610720.6889103355
2023-01-15 00:00:00 UTC,0.006299871255498541,100185451.18942834,1505951.1811136364
2023-01-16 00:00:00 UTC,0.0061019492558458,97286213.37999494,1402031.860066454
2023-01-17 00:00:00 UTC,0.006601933715514286,106695943.69279538,1515522.6303676192
2023-01-18 00:00:00 UTC,0.00656130779862721,104956555.61532028,1450986.4834108532
2023-01-19 00:00:00 UTC,0.006056395427033307,96898777.44948164,1386013.6525895128
2023-01-20 00:00:00 UTC,0.006171236922245033,100882667.03278853,1289136.3551169646
2023-01-21 00:00:00 UTC,0.006484654772954023,104375125.73586878,1465730.7926061028
2023-01-22 00:00:00 UTC,0.006198043951541546,99541188.20272894,1361531.9324422714
2023-01-23 00:00:00 UTC,0.006005585939061065,96760995.39914389,1316565.6174809753
2023-01-24 00:00:00 UTC,0.0064977032379112945,104643859.26354699,1472175.093813453
2023-01-25 00:00:00 UTC,0.005975545156241308,96130896.14434837,1358890.182118162
2023-01-26 00:00:00 UTC,0.006337322287744411,102128183.23667824,1441972.5243371301
2023-01-27 00:00:00 UTC,0.0062105273883277645,100335244.96106432,1361076.093862825
2023-01-28 00:00:00 UTC,0.006153821721007562,99809437.27039239,1359190.56417372
2023-01-29 00:00:00 UTC,0.005645239777045827,92695935.8636361,1287213.4058011991
2023-01-30 00:00:00 UTC,0.005980433032702532,97316744.24672566,1316362.00581565
2023-01-31 00:00:00 UTC,0.005509258190471423,89830347.608738,1267238.6107002068
2023-02-01 00:00:00 UTC,0.005506273167859212,90094682.73539352,1288550.793916201
2023-02-02 00:00:00 UTC,0.0057990866827744595,94749494.50331677,1329469.4797090427
2023-02-03 00:00:00 UTC,0.005874196174002581,95771030.56591947,1357220.9960553572
2023-02-04 00:00:00 UTC,0.005623759679863449,92235494.4032548,1250435.9532830997
2023-02-05 00:00:00 UTC,0.0057582313537627135,94661521.16252415,1307292.6811781363
2023-02-06 00:00:00 UTC,0.006609122824080146,108543141.72839932,1709302.668505006
2023-02-07 00:00:00 UTC,0.007228819300127369,118905924.09514855,1906654.724350101
2023-02-08 00:00:00 UTC,0.007450698554548099,123061924.12802257,1750364.3423114775
2023-02-09 00:00:00 UTC,0.007193693964040878,118702848.02588654,1663006.0377606333
2023-02-10 00:00:00 UTC,0.0065595096543213305,108396415.85623625,1618031.424472181
2023-02-11 00:00:00 UTC,0.006675147018264637,110541527.18474022,1512479.4485616717
2023-02-12 00:00:00 UTC,0.006455897668975641,106974338.13912259,1442937.0005741427
2023-02-13 00:00:00 UTC,0.006576343888437076,109214591.81551293,1421053.3850283837
2023-02-14 00:00:00 UTC,0.0065250227429848595,108091573.37396562,1375825.5271261686
2023-02-15 00:00:00 UTC,0.006552014866818966,109034380.1420201,1395809.7610516062
2023-02-16 00:00:00 UTC,0.007099017287723329,119532311.97300762,1729165.5531448324
2023-02-17 00:00:00 UTC,0.006921762588672329,115179260.72727738,1626876.625752031
2023-02-18 00:00:00 UTC,0.007567230956264857,126130911.4974107,1775966.8998970855
2023-02-19 00:00:00 UTC,0.00770364557415251,128760868.62733741,1880736.8040215618
2023-02-20 00:00:00 UTC,0.007794067704009939,130511220.82563692,1882051.429692802
2023-02-21 00:00:00 UTC,0.007703389456217215,128769827.873943,1790582.9287925712
2023-02-22 00:00:00 UTC,0.00723454540873819,120911753.69877072,1647596.6179244851
2023-02-23 00:00:00 UTC,0.007037292811320498,118259347.92072053,1618202.3604656279
2023-02-24 00:00:00 UTC,0.007276515402757696,122450246.30342132,1771986.448988679
2023-02-25 00:00:00 UTC,0.007790891506556925,130230182.85800985,1888695.6963622454
2023-02-26 00:00:00 UTC,0.008397726974006755,138747252.4663279,2142839.9581749258
2023-02-27 00:00:00 UTC,0.009049758768668951,153184804.66228876,2213244.8001983427
2023-02-28 00:00:00 UTC,0.010693137869547242,180473671.008002,3156983.844430263
2023-03-01 00:00:00 UTC,0.011410085419353854,191917212.13491425,3715284.8807491167
2023-03-02 00:00:00 UTC,0.013157928908260117,223565503.594322,3790597.3816417786
2023-03-03 00:00:00 UTC,0.01429615307399565,242877339.25165495,4435385.793947213
2023-03-04 00:00:00 UTC,0.012363621209357403,209731422.7719663,3542598.3380029025
2023-03-05 00:00:00 UTC,0.012455713122376736,212353002.7165802,3187059.4074892113
2023-03-06 00:00:00 UTC,0.012597078786361954,215219542.15971044,2820952.4655798706
2023-03-07 00:00:00 UTC,0.01394799304877432,236953736.84977266,3387696.525861208
2023-03-08 00:00:00 UTC,0.012881264070101888,219785271.32679203,3464416.4672092274
2023-03-09 00:00:00 UTC,0.011709487381091123,196493781.14738902,3001440.9952628
2023-03-10 00:00:00 UTC,0.010524997532078346,174976634.52278024,2796171.727363759
2023-03-11 00:00:00 UTC,0.011804881341007066,202500112.02719754,3290924.4762967876
2023-03-12 00:00:00 UTC,0.01216262345200328,209287461.27723762,3079916.688026212
2023-03-13 00:00:00 UTC,0.012122596114499359,208902305.77551925,2797086.4416615604
2023-03-14 00:00:00 UTC,0.012599825242472303,214826343.00451452,3111465.405302502
2023-03-15 00:00:00 UTC,0.013858248380429051,242423561.99013603,3476089.909068547
2023-03-16 00:00:00 UTC,0.013142099470278858,227368697.91144782,3067362.028169263
2023-03-17 00:00:00 UTC,0.01358764688951162,235451477.45996508,2882811.3340879097
2023-03-18 00:00:00 UTC,0.014269176532614938,247301123.59486887,3411762.9001961295
2023-03-19 00:00:00 UTC,0.01411392372271857,243498944.82112166,3250947.9880028903
2023-03-20 00:00:00 UTC,0.016598661975781068,286503427.997696,4219029.141304371
2023-03-21 00:00:00 UTC,0.017431471426499763,303464030.4425881,4449630.234670622
2023-03-22 00:00:00 UTC,0.015908008370828876,276996781.84006006,7287999.208765222
2023-03-23 00:00:00 UTC,0.01609686357483624,281727117.83416003,9179250.044545343
2023-03-24 00:00:00 UTC,0.01698258629136656,295213195.5927257,10980963.885753239
2023-03-25 00:00:00 UTC,0.01689289912325356,295480755.7102469,4447401.12288152
2023-03-26 00:00:00 UTC,0.016901815650223063,295986690.3177305,3849935.709041893
2023-03-27 00:00:00 UTC,0.01819401912236214,319339617.9538765,4640691.821620845
2023-03-28 00:00:00 UTC,0.02211848892173559,388160987.87317955,8484097.479333611
2023-03-29 00:00:00 UTC,0.02301688060096009,404348823.21100175,24329478.690637607
2023-03-30 00:00:00 UTC,0.028049964777425704,496216997.56217706,17308974.463722795
2023-03-31 00:00:00 UTC,0.02932460258073412,515793355.92080426,12046481.258130299
2023-04-01 00:00:00 UTC,0.0329762512432822,582771380.5572876,11756701.681523817
2023-04-02 00:00:00 UTC,0.03618877083418833,639050230.2421911,14976918.246066911
2023-04-03 00:00:00 UTC,0.03976734839991409,704816632.2100005,18452086.62429565
2023-04-04 00:00:00 UTC,0.03698874254805913,663439979.7451084,14137840.98120884
2023-04-05 00:00:00 UTC,0.0351670676857547,629008563.0603335,14054197.708957346
2023-04-06 00:00:00 UTC,0.03086961678788957,548739147.5536736,13649440.100393543
2023-04-07 00:00:00 UTC,0.03187945614312591,554370135.1562327,10604669.656300621
2023-04-08 00:00:00 UTC,0.030480670750869833,541802332.6832381,8860172.133502245
2023-04-09 00:00:00 UTC,0.029552741721891422,526369617.8404778,8260854.1509979265
2023-04-10 00:00:00 UTC,0.03474782001430696,612575960.6129336,12129817.894129392
2023-04-11 00:00:00 UTC,0.03531390160765996,636145210.1707624,13460307.69327182
2023-04-12 00:00:00 UTC,0.033000087026933106,589806462.0158521,11415077.83766899
2023-04-13 00:00:00 UTC,0.033081896235970125,592048284.9661441,10574003.538886663
2023-04-14 00:00:00 UTC,0.03322816889290744,593888860.6781819,11033226.770718157
2023-04-15 00:00:00 UTC,0.03606436933624369,646799976.0372713,13080150.981365167
2023-04-16 00:00:00 UTC,0.03372156864583048,605238287.8285022,11083405.980663387
2023-04-17 00:00:00 UTC,0.02959829536554973,540626869.8471743,12865590.693123791
2023-04-18 00:00:00 UTC,0.0275589941115423,495280451.2271902,13307416.721599886
2023-04-19 00:00:00 UTC,0.025176223433422084,452314733.8829426,9361602.79935423
2023-04-20 00:00:00 UTC,0.023805136901379604,428986159.6521129,10105138.434621911
2023-04-21 00:00:00 UTC,0.02618685479389405,473729322.2435094,9540434.559331223
2023-04-22 00:00:00 UTC,0.024740225082767988,444502018.4622115,8009351.189369161
2023-04-23 00:00:00 UTC,0.024447245451949512,433125135.18756497,6702045.59517198
2023-04-24 00:00:00 UTC,0.024243669366486524,435637085.7482315,6539606.038970251
2023-04-25 00:00:00 UTC,0.025930163824217128,465103951.28750044,7532693.937545004
2023-04-26 00:00:00 UTC,0.026815066598440625,482673403.2243796,8164009.129613557
2023-04-27 00:00:00 UTC,0.031319441644478134,562308175.0357915,11625212.146470208
2023-04-28 00:00:00 UTC,0.0314526979393395,568688285.219003,9785531.63785079
2023-04-29 00:00:00 UTC,0.031542622487098416,567260483.7862618,10135234.700977212
2023-04-30 00:00:00 UTC,0.02838656500308876,513228444.8385085,7768338.610112292
2023-05-01 00:00:00 UTC,0.028884294130987042,518907295.08711076,8686430.482438546
2023-05-02 00:00:00 UTC,0.026066027853198347,468516413.15262043,7322710.085308122
2023-05-03 00:00:00 UTC,0.026364405006599086,475067086.5189394,8891218.918275442
2023-05-04 00:00:00 UTC,0.026311938957588474,472936353.83844256,6941261.515875444
2023-05-05 00:00:00 UTC,0.027516439484269878,495178645.6952823,9951896.24812721
2023-05-06 00:00:00 UTC,0.02702704335681904,486455047.094684,9432563.465419741
2023-05-07 00:00:00 UTC,0.02651465462020217,476866329.4763256,10105238.163773902
2023-05-08 00:00:00 UTC,0.02562551598005087,458739761.93249613,6698384.729452403
2023-05-09 00:00:00 UTC,0.02283770830191601,410965092.279086,8803137.110427437
2023-05-10 00:00:00 UTC,0.02270133452552005,408701213.0459471,7339762.728194666
2023-05-11 00:00:00 UTC,0.02258401411521259,406364026.8345582,7163721.763411871
2023-05-12 00:00:00 UTC,0.02067005799315245,370450064.99873686,9402609.33740641
2023-05-13 00:00:00 UTC,0.02117112050961436,377761327.0495622,8200764.858931504
2023-05-14 00:00:00 UTC,0.020421264110062787,368774901.37894475,6932601.409692558
2023-05-15 00:00:00 UTC,0.02240757980871212,403276164.0578855,9240592.502584988
2023-05-16 00:00:00 UTC,0.022328813422313847,401261555.3608902,7641067.349858419
2023-05-17 00:00:00 UTC,0.020360822066361018,366417717.1850861,6603165.167466001
2023-05-18 00:00:00 UTC,0.019809095790305913,354434705.7615353,8240412.652655112
2023-05-19 00:00:00 UTC,0.017663208968653515,317837894.8222974,6407950.929181503
2023-05-20 00:00:00 UTC,0.017524669614764034,316390201.3248786,10455526.10915345
2023-05-21 00:00:00 UTC,0.01711018988473157,308135269.0109719,9064112.804169985
2023-05-22 00:00:00 UTC,0.016786346291180934,302156128.7063816,5626387.982527674
2023-05-23 00:00:00 UTC,0.014729458632051887,264801844.59376895,7363062.342899307
2023-05-24 00:00:00 UTC,0.013435445530117265,240654757.2680987,8628575.523652256
2023-05-25 00:00:00 UTC,0.016625371107398906,301037003.68784153,10625539.96625225
2023-05-26 00:00:00 UTC,0.016298400416124827,292777062.82642156,11724002.059703236
2023-05-27 00:00:00 UTC,0.018420657601776094,331365565.59962684,9601204.105054649
2023-05-28 00:00:00 UTC,0.01895336112568391,340796622.9951965,10228939.767865157
2023-05-29 00:00:00 UTC,0.018176719629402874,327670873.09756875,9902997.483244214
2023-05-30 00:00:00 UTC,0.017412100578753375,313547817.894417,7846743.182220716
2023-05-31 00:00:00 UTC,0.016226732440055333,291521196.020167,7059705.210814416
2023-06-01 00:00:00 UTC,0.015898067656822105,286354582.5586664,7042992.679654423
2023-06-02 00:00:00 UTC,0.016064241857170987,288958178.24133176,6243542.929024314
2023-06-03 00:00:00 UTC,0.015496947417840568,279821939.919758,5797731.539124146
2023-06-04 00:00:00 UTC,0.016807465047782837,302810798.93826735,6509059.808544002
2023-06-05 00:00:00 UTC,0.016395433644812517,295131442.20675504,6276695.4728211155
2023-06-06 00:00:00 UTC,0.014681021874993894,264650136.14122218,6001130.85807725
2023-06-07 00:00:00 UTC,0.01506888716833231,270746432.5786536,6975381.783198523
2023-06-08 00:00:00 UTC,0.014997948111049661,269759543.8592451,5454604.712306426
2023-06-09 00:00:00 UTC,0.015423895214165826,277612044.6793698,5859972.76006721
2023-06-10 00:00:00 UTC,0.016004292066855632,287717025.881977,7239648.08074206
2023-06-11 00:00:00 UTC,0.01567941472598021,282091642.73278946,7810369.261156048
2023-06-12 00:00:00 UTC,0.015476390192990944,278417517.6950523,5742164.714486237
2023-06-13 00:00:00 UTC,0.016521635048867826,297196313.1099496,7429081.826538185
2023-06-14 00:00:00 UTC,0.016741956442311377,301181060.5340557,6756367.910158574
2023-06-15 00:00:00 UTC,0.01792159106458154,314923207.02839476,8716038.67220948
2023-06-16 00:00:00 UTC,0.022542561955743314,407903799.2837704,18430203.802173033
2023-06-17 00:00:00 UTC,0.02074656304424366,374225321.8773693,11009544.376743598
2023-06-18 00:00:00 UTC,0.02135338891131925,383965514.57596576,8365740.028069183
2023-06-19 00:00:00 UTC,0.020263825054701604,365359979.8937408,7359630.592645831
2023-06-20 00:00:00 UTC,0.021645381569061744,402769303.3029201,9779427.706359053
2023-06-21 00:00:00 UTC,0.02299009154318845,441852468.7806481,10051014.837643417
2023-06-22 00:00:00 UTC,0.023939615652000073,460463990.0209343,10936523.11001278
2023-06-23 00:00:00 UTC,0.027184259730286015,522828569.70199686,15429333.291055128
2023-06-24 00:00:00 UTC,0.0271095558185932,522206821.93080515,13377429.853511104
2023-06-25 00:00:00 UTC,0.02549585004549667,490683297.08967257,12009359.633346781
2023-06-26 00:00:00 UTC,0.02575780281771549,497614032.38109,9680278.3828228
2023-06-27 00:00:00 UTC,0.025117977760368,487436285.37949145,9563728.562063538
2023-06-28 00:00:00 UTC,0.027553563341845416,532564602.85801166,11883424.64248721
2023-06-29 00:00:00 UTC,0.025627991527860862,496596954.671501,11414517.502216613
2023-06-30 00:00:00 UTC,0.025859535010205586,501121377.92230844,9039988.43921825
2023-07-01 00:00:00 UTC,0.026256247621041177,508652558.625177,10175787.538475825
2023-07-02 00:00:00 UTC,0.025621867157922452,497338453.17119944,7901369.822105481
2023-07-03 00:00:00 UTC,0.024788675985324308,481801923.568193,8142315.758668357
2023-07-04 00:00:00 UTC,0.02449297580546636,476486427.6651185,10490886.05987039
2023-07-05 00:00:00 UTC,0.023861290109140263,464884531.0602912,8244170.114403594
2023-07-06 00:00:00 UTC,0.022626291567914257,441267921.6767479,9292153.033420548
2023-07-07 00:00:00 UTC,0.021324663302870406,414289350.1326191,10425014.63757672
2023-07-08 00:00:00 UTC,0.023505651106738655,462991812.69381964,9741457.88051375
2023-07-09 00:00:00 UTC,0.025791642420517298,503649028.78680533,10167578.410262428
2023-07-10 00:00:00 UTC,0.02546250713551674,498572901.6320983,10250450.457888072
2023-07-11 00:00:00 UTC,0.02400758006471291,469844097.5912887,10428486.039744021
2023-07-12 00:00:00 UTC,0.024700282460402415,483644472.06546134,8677728.563843817
2023-07-13 00:00:00 UTC,0.026289884441263647,515095799.98727626,11004415.628369085
2023-07-14 00:00:00 UTC,0.027577215395859108,540311237.8083136,14468094.906374272
2023-07-15 00:00:00 UTC,0.02852461942905977,559492107.5284061,15885247.39674919
2023-07-16 00:00:00 UTC,0.028310766828446264,556374346.8245891,11197202.934367096
2023-07-17 00:00:00 UTC,0.03256936945033146,640254942.6830629,18461016.649579894
2023-07-18 00:00:00 UTC,0.033632823292147555,658041783.0099487,23408591.930788036
2023-07-19 00:00:00 UTC,0.034501225871066306,675712786.374301,20484727.094962046
2023-07-20 00:00:00 UTC,0.034747131081676014,685366232.0551412,19379510.866842236
2023-07-21 00:00:00 UTC,0.034387522038853126,679036704.9024652,15294151.65903754
2023-07-22 00:00:00 UTC,0.034898266188494564,688747531.4457986,14796683.406967793
2023-07-23 00:00:00 UTC,0.039101341941685054,773945838.3349247,20222221.26755934
2023-07-24 00:00:00 UTC,0.04021295760901457,794155753.3274759,26246425.90210888
2023-07-25 00:00:00 UTC,0.037280917167314465,737606832.4914385,22204105.388691362
2023-07-26 00:00:00 UTC,0.03590447368917331,712309921.4563347,28703311.211644247
2023-07-27 00:00:00 UTC,0.03849251224273349,764590373.3922924,23085938.335753113
2023-07-28 00:00:00 UTC,0.03735155447170554,737815955.9823143,19054210.11654765
2023-07-29 00:00:00 UTC,0.036463144384116464,725394976.5545771,18366342.820299383
2023-07-30 00:00:00 UTC,0.035884194461914765,712741087.770718,17544686.818877358
2023-07-31 00:00:00 UTC,0.03701631876439994,727483691.3195301,18583014.964223497
2023-08-01 00:00:00 UTC,0.03915940672478527,779557122.1052868,20007349.94844299
2023-08-02 00:00:00 UTC,0.04083491840847996,813739586.842982,21003561.602463968
2023-08-03 00:00:00 UTC,0.046499884085509355,926107187.5307263,33372238.684128605
2023-08-04 00:00:00 UTC,0.04543386197427887,911365421.2667753,33842666.427910276
2023-08-05 00:00:00 UTC,0.04677703354200881,934106742.2102499,26482525.98481287
2023-08-06 00:00:00 UTC,0.047260002102118934,945318869.9214712,22270155.648179013
2023-08-07 00:00:00 UTC,0.04999001998587367,1004529613.4597185,29180285.90270044
2023-08-08 00:00:00 UTC,0.04935850858258786,989156671.6151603,31152097.419669267
2023-08-09 00:00:00 UTC,0.04636340508577478,929710297.132955,30453856.638761092
2023-08-10 00:00:00 UTC,0.046887966646169385,941449458.8716886,20380567.08009056
2023-08-11 00:00:00 UTC,0.04270596797246512,857895698.8250397,22615965.30515382
2023-08-12 00:00:00 UTC,0.04667552431596612,937843542.617157,26411167.21423438
2023-08-13 00:00:00 UTC,0.0459712383862435,924457055.0142297,20064915.820165973
2023-08-14 00:00:00 UTC,0.04370086250466307,862267464.4274651,20083970.692757934
2023-08-15 00:00:00 UTC,0.04143876170509983,835820458.9569534,14889241.869181756
2023-08-16 00:00:00 UTC,0.04166714416845533,839005949.639008,17330034.630340397
2023-08-17 00:00:00 UTC,0.038630360920516055,780326563.7672521,11382343.930662941
2023-08-18 00:00:00 UTC,0.037167175787933895,756026140.5692832,12191121.849439101
2023-08-19 00:00:00 UTC,0.03977455581167891,799812561.4425763,13717800.855445016
2023-08-20 00:00:00 UTC,0.04142616070149175,838415382.120866,14681133.7851035
2023-08-21 00:00:00 UTC,0.041630324550353655,842446691.3104335,8102740.214203832
2023-08-22 00:00:00 UTC,0.04167854088270694,845536612.4359454,14050359.008906988
2023-08-23 00:00:00 UTC,0.040512500895993744,818787504.5296836,12044894.164425218
2023-08-24 00:00:00 UTC,0.04039608944532268,819480655.5614483,12420919.939092122
2023-08-25 00:00:00 UTC,0.03860879305385694,785307273.975322,8656059.470695771
2023-08-26 00:00:00 UTC,0.0375901493540912,764662401.6513244,7514792.636358645
2023-08-27 00:00:00 UTC,0.035662881319608805,720437418.8652738,5481881.348494325
2023-08-28 00:00:00 UTC,0.036180598284101376,736451737.3312185,8086097.897146021
2023-08-29 00:00:00 UTC,0.03440735026857485,701016309.4987102,8280426.461722203
2023-08-30 00:00:00 UTC,0.035354536128010774,720799591.3546154,20866861.816002116
2023-08-31 00:00:00 UTC,0.03390181040119567,691726905.1446846,11596164.214603996
2023-09-01 00:00:00 UTC,0.03367142596373261,689276317.1583934,9367587.89420251
2023-09-02 00:00:00 UTC,0.034498734226487304,704671817.5676012,7346161.287711614
2023-09-03 00:00:00 UTC,0.03580004720857867,731132946.4648856,7889011.616489119
2023-09-04 00:00:00 UTC,0.03467990478994405,709963630.3387089,5136942.1463392945
2023-09-05 00:00:00 UTC,0.03333074807610308,684228859.0126637,5979328.449436769
2023-09-06 00:00:00 UTC,0.034735888308774936,711684750.5929688,7149182.52062641
2023-09-07 00:00:00 UTC,0.03839607330562637,787968783.4700481,20928526.878260426
2023-09-08 00:00:00 UTC,0.039127369829992056,804452027.2959872,18162523.285965037
2023-09-09 00:00:00 UTC,0.038996313709538044,802311882.5686767,9701229.050061328
2023-09-10 00:00:00 UTC,0.039179444158763364,806746538.6799562,5907603.613825284
2023-09-11 00:00:00 UTC,0.04036300684348866,830911435.4621739,10725711.798482312
2023-09-12 00:00:00 UTC,0.039487416771135514,812785683.0677689,9472895.687652277
2023-09-13 00:00:00 UTC,0.04260626286649219,877389492.7693462,17340298.118900362
2023-09-14 00:00:00 UTC,0.04946500316289796,1020372609.8950226,23976420.48196214
2023-09-15 00:00:00 UTC,0.04713642657621277,970157444.5958942,18385371.49056074
2023-09-16 00:00:00 UTC,0.0487266518032184,1005923036.9370304,10253377.623209432
2023-09-17 00:00:00 UTC,0.04799572910017488,991248785.2687795,11370787.708767693
2023-09-18 00:00:00 UTC,0.04544245947365847,938946397.3013868,13630048.703843659
2023-09-19 00:00:00 UTC,0.048435290077335935,1003320904.1816578,15587517.056694359
2023-09-20 00:00:00 UTC,0.052364591775629035,1083229176.3148115,16509844.222519027
2023-09-21 00:00:00 UTC,0.049111743443660705,1021170604.1326836,21581628.423659768
2023-09-22 00:00:00 UTC,0.04563612010960138,947506500.557726,17049951.324286927
2023-09-23 00:00:00 UTC,0.04674324682424538,969601007.0718353,16464766.01689231
2023-09-24 00:00:00 UTC,0.04544817386965838,943477461.3160502,8885459.864785759
2023-09-25 00:00:00 UTC,0.0478563976068165,994057692.9491147,11320120.081824088
2023-09-26 00:00:00 UTC,0.04709421322516793,978853512.9097391,11694285.291493256
2023-09-27 00:00:00 UTC,0.04698551967404606,983855808.4481872,10536743.368973037
2023-09-28 00:00:00 UTC,0.046588156495866936,969828111.6177931,9066201.38533431
2023-09-29 00:00:00 UTC,0.047413207043571715,989098049.1737595,6360892.572794564
2023-09-30 00:00:00 UTC,0.04786953883178979,998545333.9477831,8621969.5653944
2023-10-01 00:00:00 UTC,0.04887932260673501,1021708047.8711225,7758349.083027138
2023-10-02 00:00:00 UTC,0.051534902365426065,1075213446.741017,13880242.50586386
2023-10-03 00:00:00 UTC,0.04998947754291375,1046327869.291237,12677184.206528056
2023-10-04 00:00:00 UTC,0.0504275684828808,1055895854.8963819,10205767.875273407
2023-10-05 00:00:00 UTC,0.049093224698248505,1027676889.9599537,8108631.2888159435
2023-10-06 00:00:00 UTC,0.048412263704644326,1012939108.4801828,12102957.92937421
2023-10-07 00:00:00 UTC,0.0504020518755179,1057819543.7891792,9767458.624637995
2023-10-08 00:00:00 UTC,0.049255409400017325,1035246347.7021323,9961379.128957553
2023-10-09 00:00:00 UTC,0.0486025798403111,1021280987.5853462,8575478.45991596
2023-10-10 00:00:00 UTC,0.04543015551302648,955029689.0578928,14637104.048078042
2023-10-11 00:00:00 UTC,0.042199870754340806,887131408.6298887,20509812.450044654
2023-10-12 00:00:00 UTC,0.043567396720490606,917984844.8634634,16185551.663014956
2023-10-13 00:00:00 UTC,0.043582075797821036,917915950.1582717,11891577.830205688
2023-10-14 00:00:00 UTC,0.04195581372693726,885667339.8652239,8978342.479815984
2023-10-15 00:00:00 UTC,0.04221881395320487,897905891.5049295,7879379.273843565
2023-10-16 00:00:00 UTC,0.042959876246074766,906093953.4461259,5279986.105027334
2023-10-17 00:00:00 UTC,0.04499281571941025,952083827.0666479,14626785.053717168
2023-10-18 00:00:00 UTC,0.04749259347020843,1002763872.8863893,12959942.753107479
2023-10-19 00:00:00 UTC,0.0466643256302291,987628807.7766674,12097640.662628189
2023-10-20 00:00:00 UTC,0.04581530104253353,972410187.3163462,8878953.111411845
2023-10-21 00:00:00 UTC,0.048749645717467587,1032291359.3188756,15530355.79284453
2023-10-22 00:00:00 UTC,0.04970779034250829,1052997370.2904551,12861793.301665224
2023-10-23 00:00:00 UTC,0.05004922197374456,1066524702.5623729,10296183.645311529
2023-10-24 00:00:00 UTC,0.05144815129464645,1091926252.1411662,12421595.85830973
2023-10-25 00:00:00 UTC,0.05170475023835924,1097640383.2365892,19154749.40471666
2023-10-26 00:00:00 UTC,0.04933952275149497,1045552038.8483356,11765842.740082674
2023-10-27 00:00:00 UTC,0.04959577849982886,1055549165.2289765,12326399.212941378
2023-10-28 00:00:00 UTC,0.050609754365701885,1078570828.7918417,9465716.340553842
2023-10-29 00:00:00 UTC,0.05098542463289478,1085527968.1543992,7158778.836932781
2023-10-30 00:00:00 UTC,0.052421716447758816,1117125244.8909087,10574200.887774229
2023-10-31 00:00:00 UTC,0.05118808039337664,1091949155.4769847,11865080.04177414
2023-11-01 00:00:00 UTC,0.05024063326109261,1069529538.3330526,13827456.91537334
2023-11-02 00:00:00 UTC,0.051938144815663355,1109594782.241848,11852348.608732985
2023-11-03 00:00:00 UTC,0.050942800174839195,1089001341.5410302,11515054.174956359
2023-11-04 00:00:00 UTC,0.052054636402632276,1113382410.6229553,11726489.271771317
2023-11-05 00:00:00 UTC,0.05923883566898716,1272825538.9838896,38638630.3926097
2023-11-06 00:00:00 UTC,0.06448632116038941,1384599750.1978388,49048207.08717377
2023-11-07 00:00:00 UTC,0.06444251832513895,1379152446.1284125,44374454.80545057
2023-11-08 00:00:00 UTC,0.06828735906793175,1462459026.73075,33365862.304732017
2023-11-09 00:00:00 UTC,0.07801615808356274,1669686354.3040407,66649689.29891295
2023-11-10 00:00:00 UTC,0.0912302551543514,1952565900.934142,144522112.74985564
2023-11-11 00:00:00 UTC,0.09115500378374075,1956464347.3393075,78469355.98752764
2023-11-12 00:00:00 UTC,0.08870673752739996,1908415689.5524287,53034660.39677261
2023-11-13 00:00:00 UTC,0.08737722798829843,1878453383.2193308,31054607.920264494
2023-11-14 00:00:00 UTC,0.08102938421141342,1739676731.5239933,48996155.00532841
2023-11-15 00:00:00 UTC,0.08965930599210212,1932214064.9693525,46752664.99953211
2023-11-16 00:00:00 UTC,0.11638150597736267,2492920571.035129,138774411.66117916
2023-11-17 00:00:00 UTC,0.12514746950198735,2695193923.306571,238813071.82495323
2023-11-18 00:00:00 UTC,0.137524343453232,2966467221.547265,172924253.94982815
2023-11-19 00:00:00 UTC,0.13969494515434794,3009126092.7816305,136776857.6918585
2023-11-20 00:00:00 UTC,0.14413112151089852,3110966037.1873946,124327120.76997016
2023-11-21 00:00:00 UTC,0.13026534425391958,2819295763.6827846,101062260.51837845
2023-11-22 00:00:00 UTC,0.11540602967100282,2503267297.7064314,100021843.94298923
2023-11-23 00:00:00 UTC,0.12778635486011683,2777293592.270297,84872494.57237972
2023-11-24 00:00:00 UTC,0.12582631454464538,2711826896.56944,48295157.30296717
2023-11-25 00:00:00 UTC,0.13959882089151565,3022076755.9536057,77546874.7631219
2023-11-26 00:00:00 UTC,0.13714714026158256,2976541084.33915,36788585.447944276
2023-11-27 00:00:00 UTC,0.13016849079998172,2821680271.4427805,41905289.29197367
2023-11-28 00:00:00 UTC,0.12807471143962765,2788222470.293843,43612090.191973716
2023-11-29 00:00:00 UTC,0.13246670143221842,2870872872.7475514,48546364.50236699
2023-11-30 00:00:00 UTC,0.12851834756170508,2800433252.3622274,30020321.77432046
2023-12-01 00:00:00 UTC,0.1282332441732892,2788608323.0533795,23000715.983938646
2023-12-02 00:00:00 UTC,0.13812628580151826,3010866308.3108277,47989362.02503757
2023-12-03 00:00:00 UTC,0.13717882394707048,2984257926.3240857,33459240.892944742
2023-12-04 00:00:00 UTC,0.14030423219946395,3060751582.603028,39356608.40377433
2023-12-05 00:00:00 UTC,0.145755650784423,3179974855.5202293,147617089.31331992
2023-12-06 00:00:00 UTC,0.1398979555466008,3050570544.9675407,45346485.31673054
2023-12-07 00:00:00 UTC,0.1371876696603049,2996707269.5879164,42770421.780717514
2023-12-08 00:00:00 UTC,0.126812705910541,2774234183.674524,41302166.15577047
2023-12-09 00:00:00 UTC,0.13095217996440622,2857827705.1203885,39739347.06739088
2023-12-10 00:00:00 UTC,0.12814402627438734,2799104339.8332725,35802411.81473691
2023-12-11 00:00:00 UTC,0.12944084521860522,2823805401.7283683,26112704.882934846
2023-12-12 00:00:00 UTC,0.11898355898833893,2603129463.2672734,48970506.262263715
2023-12-13 00:00:00 UTC,0.11892940120092378,2604544276.2937546,43445021.24532525
2023-12-14 00:00:00 UTC,0.1270292992254519,2783925775.283894,52274829.790842034
2023-12-15 00:00:00 UTC,0.12853197545452688,2816898533.8905354,41950194.93597899
2023-12-16 00:00:00 UTC,0.11738599485770931,2573910070.1753993,35720862.12360852
2023-12-17 00:00:00 UTC,0.11827171885293214,2588112909.785295,32071743.548701663
2023-12-18 00:00:00 UTC,0.10672252658217476,2343042725.843034,62060537.85670676
2023-12-19 00:00:00 UTC,0.10865082870323164,2385114552.763592,61768874.58079698
2023-12-20 00:00:00 UTC,0.10659054419028133,2344293012.551285,44442020.31771116
2023-12-21 00:00:00 UTC,0.11380092880980124,2510722027.7997975,47256169.36879506
2023-12-22 00:00:00 UTC,0.11281480043555345,2486265435.7245197,32123292.56126977
2023-12-23 00:00:00 UTC,0.11011263851017428,2430401905.8898635,33483521.903693505
2023-12-24 00:00:00 UTC,0.11295778464866736,2493253126.7186155,28602527.920062523
2023-12-25 00:00:00 UTC,0.10509826657786524,2299894692.1664844,25237310.145800557
2023-12-26 00:00:00 UTC,0.10928960494371616,2410736913.4995694,33937508.14388295
2023-12-27 00:00:00 UTC,0.10447735308407821,2304121294.4532766,35041851.6422915
2023-12-28 00:00:00 UTC,0.10600983533069107,2339218314.6165,23200633.1378462
2023-12-29 00:00:00 UTC,0.11218546325775346,2498043505.010332,40628141.38173458
2023-12-30 00:00:00 UTC,0.11947733768779584,2640768792.2156005,78576266.20571885
2023-12-31 00:00:00 UTC,0.11760313403402965,2603853110.045105,38347455.50124104
2024-01-01 00:00:00 UTC,0.11130819037499352,2465604733.9256535,21845425.997702442
2024-01-02 00:00:00 UTC,0.11675616613767405,2580881211.346766,21463645.396391876
2024-01-03 00:00:00 UTC,0.11639181900627973,2571543723.8247967,34340874.64563675
2024-01-04 00:00:00 UTC,0.10687362117881302,2374952112.2017803,66630587.35368192
2024-01-05 00:00:00 UTC,0.11676790812566405,2590813837.2196627,36472067.756082825
2024-01-06 00:00:00 UTC,0.11048518310567979,2452892677.2942166,33967330.25933467
2024-01-07 00:00:00 UTC,0.10769749081271,2395826119.5040793,22626649.4216633
2024-01-08 00:00:00 UTC,0.10617805276505318,2348414462.217066,19949934.81604223
2024-01-09 00:00:00 UTC,0.11373936114516248,2531131962.288353,40669039.13823962
2024-01-10 00:00:00 UTC,0.11098357785608153,2469216488.849652,39050889.09570925
2024-01-11 00:00:00 UTC,0.12035979301885132,2684007054.104802,38871596.43663917
2024-01-12 00:00:00 UTC,0.12321159342254216,2729333519.300418,56939379.13982307
2024-01-13 00:00:00 UTC,0.11526243796608451,2562752840.1735024,35414458.81360728
2024-01-14 00:00:00 UTC,0.11432278432549832,2547952216.325194,16843071.135550987
2024-01-15 00:00:00 UTC,0.11266643791935824,2523956197.749994,17062021.370530166
2024-01-16 00:00:00 UTC,0.1101830864490947,2461977889.357042,15888627.894771867
2024-01-17 00:00:00 UTC,0.11253588471201083,2515038661.176216,18528242.098450813
2024-01-18 00:00:00 UTC,0.1120161965821101,2503814408.427452,14437828.258068444
2024-01-19 00:00:00 UTC,0.10399468207886221,2327407522.088758,27546949.119892403
2024-01-20 00:00:00 UTC,0.10633731585189804,2374669978.14008,31326261.16557237
2024-01-21 00:00:00 UTC,0.10291258093780208,2305989939.3909106,14551175.940682985
2024-01-22 00:00:00 UTC,0.1024449590215569,2304217717.666528,10115448.605625086
2024-01-23 00:00:00 UTC,0.09802887298415175,2204043640.101696,21798926.194781978
2024-01-24 00:00:00 UTC,0.09787337921307988,2192340533.4907603,25305856.20277426
2024-01-25 00:00:00 UTC,0.1002873098760868,2250796139.157463,15798278.73457345
2024-01-26 00:00:00 UTC,0.0985088461486289,2212959931.5743775,14943529.17545978
2024-01-27 00:00:00 UTC,0.10460889601132846,2338172074.2949457,17874935.960849635
2024-01-28 00:00:00 UTC,0.1062024196533117,2383510769.592894,10517682.14619103
2024-01-29 00:00:00 UTC,0.10426281429761662,2342092930.924893,14548402.307337446
2024-01-30 00:00:00 UTC,0.10729349017599464,2413381408.125583,15374790.403742753
2024-01-31 00:00:00 UTC,0.10350883017312587,2325952382.62349,17439933.109804876
2024-02-01 00:00:00 UTC,0.09903283891587461,2231752620.2428203,19127434.114826772
2024-02-02 00:00:00 UTC,0.10115170634572276,2271758083.8344746,16318750.724713674
2024-02-03 00:00:00 UTC,0.10224262588517408,2306300055.187514,15033793.70993075
2024-02-04 00:00:00 UTC,0.10181409653206011,2296173268.275341,8853845.301390732
2024-02-05 00:00:00 UTC,0.10089557860382735,2276619190.4499645,10054890.945802443
2024-02-06 00:00:00 UTC,0.09985436779274122,2254558995.944259,12513368.85665917
2024-02-07 00:00:00 UTC,0.10442841517898073,2353350948.950306,18259086.450793914
2024-02-08 00:00:00 UTC,0.11691522753152145,2652737269.0062747,49516430.111507066
2024-02-09 00:00:00 UTC,0.12526683257720528,2841525178.5140953,60016745.98970482
2024-02-10 00:00:00 UTC,0.1369094080164664,3095740004.7726307,62503410.21492825
2024-02-11 00:00:00 UTC,0.1389898290248943,3145973104.666776,50618981.73797936
2024-02-12 00:00:00 UTC,0.14162417408508912,3206698603.759388,56179972.08122937
2024-02-13 00:00:00 UTC,0.14426530858003062,3265514713.49877,58077121.81764581
2024-02-14 00:00:00 UTC,0.137511229836408,3114771387.993047,45446198.793245055
2024-02-15 00:00:00 UTC,0.14188668841578872,3223163606.634078,32683554.945058748
2024-02-16 00:00:00 UTC,0.13942202026069664,3165268572.419705,38813477.65648341
2024-02-17 00:00:00 UTC,0.14768613407269485,3345574597.495697,44292522.56652824
2024-02-18 00:00:00 UTC,0.16377154118206863,3746159979.907056,142746577.397207
2024-02-19 00:00:00 UTC,0.16318429409410756,3712546443.5659127,45876898.19269552
2024-02-20 00:00:00 UTC,0.18317071862752748,4147157725.183251,97494087.67307378
2024-02-21 00:00:00 UTC,0.17977657726594418,4093312017.995844,100180930.12068695
2024-02-22 00:00:00 UTC,0.172491221661142,3933586595.9973526,70683720.40270707
2024-02-23 00:00:00 UTC,0.1681703042613692,3827210168.2616987,45158715.953113385
2024-02-24 00:00:00 UTC,0.16181830931527288,3692490208.881837,43380247.19824879
2024-02-25 00:00:00 UTC,0.16951944849298697,3865382757.9922624,30846831.166831005
2024-02-26 00:00:00 UTC,0.17075514270658987,3898413791.578134,35250654.7029225
2024-02-27 00:00:00 UTC,0.17056598424583683,3904304628.5842533,58983635.09577694
2024-02-28 00:00:00 UTC,0.1688522820967283,3855419876.894857,50398224.00745041
2024-02-29 00:00:00 UTC,0.1757436906657861,4007434928.131169,116433842.38538703
2024-03-01 00:00:00 UTC,0.17119133618435137,3918446148.170753,79014280.133855
2024-03-02 00:00:00 UTC,0.17347188345016118,3971388349.562762,56279344.09571498
2024-03-03 00:00:00 UTC,0.1706037356895661,3904683837.31375,52940320.8994109
2024-03-04 00:00:00 UTC,0.16707350021331746,3824593819.4653444,52066579.60196013
2024-03-05 00:00:00 UTC,0.16194099429368222,3704607474.012733,97229415.87424402
2024-03-06 00:00:00 UTC,0.15308413219685604,3496695741.1827664,120623817.16473338
2024-03-07 00:00:00 UTC,0.14968807462177391,3425237598.9012537,89200116.08247952
2024-03-08 00:00:00 UTC,0.16075630581377526,3683320637.375704,96277700.40143529
2024-03-09 00:00:00 UTC,0.1501416409727578,3443675076.8052034,87139471.31153636
2024-03-10 00:00:00 UTC,0.1482670391541512,3404791128.3031454,77823807.93554279
2024-03-11 00:00:00 UTC,0.14780807162635148,3388249913.3370233,68782749.01236966
2024-03-12 00:00:00 UTC,0.15450654912981487,3554204034.059246,90802225.26473741
2024-03-13 00:00:00 UTC,0.14936113453576907,3435141179.004763,85593897.44553122
2024-03-14 00:00:00 UTC,0.14799336745253822,3405572220.2414117,73130482.64457126
2024-03-15 00:00:00 UTC,0.14621835649555176,3364554368.584637,83550740.02969246
2024-03-16 00:00:00 UTC,0.13971411820550755,3222302022.592349,98812552.65518944
2024-03-17 00:00:00 UTC,0.12896875119791268,2965672238.459676,62171175.7654937
2024-03-18 00:00:00 UTC,0.13945294748857973,3209246058.2959733,62186751.54145114
2024-03-19 00:00:00 UTC,0.13220936192993277,3047003335.0344224,55576441.6875566
2024-03-20 00:00:00 UTC,0.11890441781351073,2743003159.1381903,97563740.34140863
2024-03-21 00:00:00 UTC,0.13351949190400486,3081469012.314617,81911955.14265713
2024-03-22 00:00:00 UTC,0.14736019579534954,3412790218.3132353,115172993.40469518
2024-03-23 00:00:00 UTC,0.14588749052779929,3362060111.167144,97335534.96725552
2024-03-24 00:00:00 UTC,0.1387486554515057,3207290332.255336,50906151.82363523
2024-03-25 00:00:00 UTC,0.14781323773759533,3414378550.701577,42069802.5131095
2024-03-26 00:00:00 UTC,0.14564605889574878,3360890892.3307595,65029265.51011012
2024-03-27 00:00:00 UTC,0.13761459209990093,3163975788.350819,69294268.69311364
2024-03-28 00:00:00 UTC,0.1328709306056525,3061217888.194551,96024484.53313614
2024-03-29 00:00:00 UTC,0.13946089271061446,3224770213.764549,52570673.022852354
2024-03-30 00:00:00 UTC,0.1378424415580779,3181864405.8077693,52087930.2236738
2024-03-31 00:00:00 UTC,0.13265459671158936,3059630444.930955,37259175.50049063
2024-04-01 00:00:00 UTC,0.1392992167789637,3194349805.682788,28602876.08894006
2024-04-02 00:00:00 UTC,0.13379656827417194,3090621131.728334,52330804.07708013
2024-04-03 00:00:00 UTC,0.12779948356810877,2959815038.9921007,72627693.69170402
2024-04-04 00:00:00 UTC,0.127863676832872,2956916991.4201202,38007062.01972635
2024-04-05 00:00:00 UTC,0.1301372545730903,2999390801.852296,37311279.40017628
2024-04-06 00:00:00 UTC,0.130485690727463,3012248389.0764236,43515256.469161086
2024-04-07 00:00:00 UTC,0.14151801562159583,3276921014.0518575,46042337.16642716
2024-04-08 00:00:00 UTC,0.1403955746896702,3240794687.028022,37715097.31661214
2024-04-09 00:00:00 UTC,0.1438900896375806,3325678422.000978,38456887.84984534
2024-04-10 00:00:00 UTC,0.13588965644121667,3127919638.2009225,38915788.09595293
2024-04-11 00:00:00 UTC,0.14249501828520572,3296376381.5299964,47661655.65021532
2024-04-12 00:00:00 UTC,0.14563062064519933,3360521191.886575,41628145.08982507
2024-04-13 00:00:00 UTC,0.12845924888660892,2955619454.714425,90959745.8253073
2024-04-14 00:00:00 UTC,0.11887032978717971,2746262718.870645,107696072.87368003
2024-04-15 00:00:00 UTC,0.12297316644401915,2848570946.061801,79130399.39149055
2024-04-16 00:00:00 UTC,0.12097188932922956,2773839432.3856597,72024660.55399172
2024-04-17 00:00:00 UTC,0.1178259470894388,2720586322.8516216,48661850.86159562
2024-04-18 00:00:00 UTC,0.11897745038834648,2754896889.049321,51512083.1672944
2024-04-19 00:00:00 UTC,0.11882875875946641,2752091507.8848867,40669900.22807015
2024-04-20 00:00:00 UTC,0.11371450325678939,2628673412.0033126,51040081.874415815
2024-04-21 00:00:00 UTC,0.1194075315302068,2752549546.351416,34396289.22490285
2024-04-22 00:00:00 UTC,0.11712246994262182,2706542196.5660043,31355071.300325546
2024-04-23 00:00:00 UTC,0.12716057160022706,2938061922.290977,40322432.17575064
2024-04-24 00:00:00 UTC,0.12939854209037047,2988240103.004895,40251743.62186919
2024-04-25 00:00:00 UTC,0.12330626471363998,2840718428.7851443,36037111.39355045
2024-04-26 00:00:00 UTC,0.11894294307088249,2746211861.619747,57886878.897625946
2024-04-27 00:00:00 UTC,0.11891091469222628,2746804735.100236,21847519.678423926
2024-04-28 00:00:00 UTC,0.10917915738803895,2523176903.386318,52465685.63165042
2024-04-29 00:00:00 UTC,0.11633089414625102,2689553482.5743575,54930922.60044398
2024-04-30 00:00:00 UTC,0.11331491493173629,2664703767.1178417,38817100.60926847
2024-05-01 00:00:00 UTC,0.11033907485982754,2594609362.2792196,45039524.49202123
2024-05-02 00:00:00 UTC,0.10881066093441906,2565624907.6932654,43274899.30121409
2024-05-03 00:00:00 UTC,0.10703949653377805,2519052377.7965975,26127748.042007707
2024-05-04 00:00:00 UTC,0.11221868898799463,2636375384.4321885,33681823.76690183
2024-05-05 00:00:00 UTC,0.11078103297376003,2602501423.2736535,32023432.213450782
2024-05-06 00:00:00 UTC,0.10792024713670144,2541740250.3505697,22277352.07502581
2024-05-07 00:00:00 UTC,0.1102698712005963,2600864950.079451,30518537.928947795
2024-05-08 00:00:00 UTC,0.11238475702360831,2650543083.3320994,31455557.90064829
2024-05-09 00:00:00 UTC,0.11868421047037561,2797811723.400985,64867195.85149951
2024-05-10 00:00:00 UTC,0.1240651396354653,2920964070.33039,57741715.61211273
2024-05-11 00:00:00 UTC,0.12386732118215292,2920427246.9660873,59051718.38840499
2024-05-12 00:00:00 UTC,0.121781287672799,2870323434.935826,31178571.584967762
2024-05-13 00:00:00 UTC,0.12228351633615973,2890992145.748727,19224431.327384263
2024-05-14 00:00:00 UTC,0.11708878492694326,2764938666.1821203,37607375.647970386
2024-05-15 00:00:00 UTC,0.11298959547166264,2669252237.023102,28204840.89279368
2024-05-16 00:00:00 UTC,0.12193970050196237,2883101735.329535,31275555.22413413
2024-05-17 00:00:00 UTC,0.12020001616638692,2844792193.570216,19733874.032886595
2024-05-18 00:00:00 UTC,0.12217294781801234,2887459713.489404,18761192.430305865
2024-05-19 00:00:00 UTC,0.1240272788442243,2930985041.9635277,13275764.493723612
2024-05-20 00:00:00 UTC,0.12218581538477873,2883286087.712979,13870281.436816609
2024-05-21 00:00:00 UTC,0.12902227953016124,3051873821.666714,25401352.923502672
2024-05-22 00:00:00 UTC,0.13339032439979562,3155982323.741958,43969833.48382769
2024-05-23 00:00:00 UTC,0.13683609444744693,3239097630.3777246,48349071.76463414
2024-05-24 00:00:00 UTC,0.13408601508679335,3184768989.733542,45530412.84453741
2024-05-25 00:00:00 UTC,0.13219113167922142,3136051887.4742846,24629272.339573834
2024-05-26 00:00:00 UTC,0.14080858188977288,3330040487.501608,20886789.072798144
2024-05-27 00:00:00 UTC,0.13900461459008623,3304644541.5082483,26958374.70093213
2024-05-28 00:00:00 UTC,0.1431835180585632,3402774441.1522126,31264475.519790217
2024-05-29 00:00:00 UTC,0.1392935751595362,3309942122.2663064,28082518.03171261
2024-05-30 00:00:00 UTC,0.13729876971917668,3263696459.285717,21543168.536574338
2024-05-31 00:00:00 UTC,0.13863478940461585,3297803671.6404004,42201134.18611723
2024-06-01 00:00:00 UTC,0.13745891360168164,3271088740.047419,21467280.59805254
2024-06-02 00:00:00 UTC,0.13760386526271345,3273052792.865636,14305646.586759303
2024-06-03 00:00:00 UTC,0.1475713074400828,3514044448.092655,39707819.42636879
2024-06-04 00:00:00 UTC,0.16910536918618926,4041664798.524778,140481755.42621338
2024-06-05 00:00:00 UTC,0.18034804132376192,4295040120.864409,145912238.97016853
2024-06-06 00:00:00 UTC,0.1781957840264373,4238850295.064005,132764264.8709692
2024-06-07 00:00:00 UTC,0.1715610311498736,4089598781.039254,59418134.853177726
2024-06-08 00:00:00 UTC,0.16296463744547288,3883963025.2015367,102783275.81326704
2024-06-09 00:00:00 UTC,0.15649125215058493,3731086261.130443,54597608.516325064
2024-06-10 00:00:00 UTC,0.16880167287823755,4018711233.2654934,60822918.45319377
2024-06-11 00:00:00 UTC,0.16185417222643886,3851924196.8049493,56348067.47904022
2024-06-12 00:00:00 UTC,0.1637079197170015,3899941290.201451,66837514.43057121
2024-06-13 00:00:00 UTC,0.1703487901714908,4069556068.028605,97171590.79975103
2024-06-14 00:00:00 UTC,0.16655884796779452,3994639127.2774887,55813905.413911484
2024-06-15 00:00:00 UTC,0.16278897463224565,3887064249.684849,55479235.19146458
2024-06-16 00:00:00 UTC,0.15337537581267535,3678935067.542231,75081183.38663091
2024-06-17 00:00:00 UTC,0.15958435417198738,3818113097.081642,35567252.46619849
2024-06-18 00:00:00 UTC,0.15274018974276404,3657186506.8152246,57673669.79110875
2024-06-19 00:00:00 UTC,0.14344131882391337,3428503597.3184447,87921622.31109259
2024-06-20 00:00:00 UTC,0.14366403255842808,3430917907.510797,39676907.16719216
2024-06-21 00:00:00 UTC,0.14604871827697613,3503829415.261267,38377327.763850465
2024-06-22 00:00:00 UTC,0.14524873097035765,3481595042.314237,33745881.58255863
2024-06-23 00:00:00 UTC,0.15300005607703385,3671304351.3647647,27646308.919375233
2024-06-24 00:00:00 UTC,0.15213342020355164,3648115620.1337686,36327530.13314272
2024-06-25 00:00:00 UTC,0.15444262081593296,3707332266.3680196,60784314.39111473
2024-06-26 00:00:00 UTC,0.16210290693412094,3887737431.709439,48491330.047470964
2024-06-27 00:00:00 UTC,0.17659096475653305,4247203149.6410685,72749954.08078659
2024-06-28 00:00:00 UTC,0.1817737360504312,4372872136.949093,110152939.65162109
2024-06-29 00:00:00 UTC,0.17850510632607453,4289847429.7651143,67515142.12462452
2024-06-30 00:00:00 UTC,0.19082672028913109,4588486417.798154,73276973.70742318
2024-07-01 00:00:00 UTC,0.19095719242387338,4588329390.405806,200316309.7642443
2024-07-02 00:00:00 UTC,0.17903668212971371,4300852872.205176,94234436.63268906
2024-07-03 00:00:00 UTC,0.17725366945730883,4263763143.061073,59621951.331339635
2024-07-04 00:00:00 UTC,0.1736871605837673,4171921620.078277,65195699.744081885
2024-07-05 00:00:00 UTC,0.16627936092168044,3996572056.682483,90126022.67467588
2024-07-06 00:00:00 UTC,0.162434470533167,3917311537.0271835,125303751.10670272
2024-07-07 00:00:00 UTC,0.16884921372392225,4066558254.5647326,58579027.44671114
2024-07-08 00:00:00 UTC,0.1591980665656141,3839971393.533318,46658777.64445356
2024-07-09 00:00:00 UTC,0.1670522136950028,4029272051.49823,70418835.42118281
2024-07-10 00:00:00 UTC,0.17080442773092264,4134348533.2546506,52115907.75589446
2024-07-11 00:00:00 UTC,0.1697812068771675,4104370064.038682,41356594.02607467
2024-07-12 00:00:00 UTC,0.1663150546954327,4015521087.1883936,36467549.9261945
2024-07-13 00:00:00 UTC,0.1687822330030798,4077411526.3503747,37301811.24925034
2024-07-14 00:00:00 UTC,0.1675382939743871,4054592893.259619,21718371.228286233
2024-07-15 00:00:00 UTC,0.17121349007350056,4150411760.6132674,37099038.52114878
2024-07-16 00:00:00 UTC,0.18255035670189548,4413919015.125236,66317915.57439633
2024-07-17 00:00:00 UTC,0.1802885266771843,4371092475.969219,55477140.062271565
2024-07-18 00:00:00 UTC,0.17625123358245007,4262933788.6910906,44412112.32530157
2024-07-19 00:00:00 UTC,0.17830668874036265,4319703428.027366,31283976.941271998
2024-07-20 00:00:00 UTC,0.1809408813152587,4384455173.376211,39896528.57420316
2024-07-21 00:00:00 UTC,0.181118321347378,4394013412.727572,33286596.601398416
2024-07-22 00:00:00 UTC,0.17944242687077702,4341531623.313424,47733093.49647322
2024-07-23 00:00:00 UTC,0.17543024953874908,4254881118.94083,42797840.94828144
2024-07-24 00:00:00 UTC,0.17938748318309786,4353680548.294741,40750971.80272128
2024-07-25 00:00:00 UTC,0.17779824554262333,4317585833.305709,33862644.64608308
2024-07-26 00:00:00 UTC,0.1762109127318855,4278221077.393045,45024250.02909229
2024-07-27 00:00:00 UTC,0.18165844744318452,4412765500.973453,35009588.10824671
2024-07-28 00:00:00 UTC,0.18922629020106774,4601154849.976567,118495230.9910009
2024-07-29 00:00:00 UTC,0.18812309846034675,4572702456.327713,36608949.37227727
2024-07-30 00:00:00 UTC,0.19389395877427465,4745352019.91935,74538080.17104796
2024-07-31 00:00:00 UTC,0.19597306019604097,4769619947.619227,78357752.24288145
2024-08-01 00:00:00 UTC,0.2052753662059225,4994803244.923486,158145133.7886882
2024-08-02 00:00:00 UTC,0.20216576150124344,4920527957.679308,131658002.81353314
2024-08-03 00:00:00 UTC,0.18632960984648034,4537235085.0247,118821697.97618386
2024-08-04 00:00:00 UTC,0.17904737080653454,4359528419.124046,123796777.94768852
2024-08-05 00:00:00 UTC,0.16729287288921746,4085828279.4131255,116402661.64581569
2024-08-06 00:00:00 UTC,0.15436717320366955,3771031628.90835,463723456.6959425
2024-08-07 00:00:00 UTC,0.1604501187480861,3899022304.8990726,168862708.2916258
2024-08-08 00:00:00 UTC,0.15239031755562993,3719805135.798929,113436886.59268259
2024-08-09 00:00:00 UTC,0.17103895436239522,4171943332.91094,114059124.09395333
2024-08-10 00:00:00 UTC,0.16736186161545177,4079735766.875,65793940.87732319
2024-08-11 00:00:00 UTC,0.16647625845065728,4064645176.697876,34506701.1270387
2024-08-12 00:00:00 UTC,0.1591507467550021,3884573690.841875,61238437.20922431
2024-08-13 00:00:00 UTC,0.162423513482321,3967303120.9893856,78997410.66751352
2024-08-14 00:00:00 UTC,0.16943543166447128,4134688907.6704063,76215143.46295744
2024-08-15 00:00:00 UTC,0.16640383306523598,4064092200.5044928,72315453.34793392
2024-08-16 00:00:00 UTC,0.16533170414526802,4043832248.097107,75894608.95408845
2024-08-17 00:00:00 UTC,0.16734731880026937,4093361206.6754236,62589852.56657323
2024-08-18 00:00:00 UTC,0.1649390199161738,4037704950.0354085,38629275.59520139
2024-08-19 00:00:00 UTC,0.16216181239348004,3973034135.9983516,37307739.51372457
2024-08-20 00:00:00 UTC,0.16674605469930495,4076926450.7413607,86309803.8448854
2024-08-21 00:00:00 UTC,0.16102056829178327,3945501108.46723,61186386.370398484
2024-08-22 00:00:00 UTC,0.15949775872452054,3908217486.1332526,64682200.27658971
2024-08-23 00:00:00 UTC,0.15959658412951674,3911837147.127784,50805056.6688967
2024-08-24 00:00:00 UTC,0.16742364827401893,4107114144.0013146,70506475.88185237
2024-08-25 00:00:00 UTC,0.17332146933899126,4242375440.208428,71258166.30540131
2024-08-26 00:00:00 UTC,0.1703447837906556,4174400565.8067575,57871454.00793427
2024-08-27 00:00:00 UTC,0.16765266639274998,4112676526.7775216,46722190.61955022
2024-08-28 00:00:00 UTC,0.1614734081544518,3969562902.6185308,57196959.32636295
2024-08-29 00:00:00 UTC,0.16263195335443079,3998859737.261966,67783333.53115015
2024-08-30 00:00:00 UTC,0.16499236819594376,4050761968.3389597,45103675.49770422
2024-08-31 00:00:00 UTC,0.1659422007122336,4078664831.0565724,53084754.3634242
2024-09-01 00:00:00 UTC,0.16325663574279906,4014083999.5466876,26703350.35337983
2024-09-02 00:00:00 UTC,0.1581764921445532,3889821141.8844304,37658580.531861946
2024-09-03 00:00:00 UTC,0.1615512044188586,3976229419.5783706,33322424.75840753
2024-09-04 00:00:00 UTC,0.15500513168172544,3826207595.178184,28693306.34050826
2024-09-05 00:00:00 UTC,0.15551069841447898,3827526037.267617,64082698.25263273
2024-09-06 00:00:00 UTC,0.1465654718924114,3612006368.5265994,49992083.061284624
2024-09-07 00:00:00 UTC,0.14523819832923926,3577303782.7819824,63844733.07703274
2024-09-08 00:00:00 UTC,0.1477259110365085,3639414826.5224867,25826195.364799857
2024-09-09 00:00:00 UTC,0.15025862908897844,3710646626.221939,21678506.84813645
2024-09-10 00:00:00 UTC,0.1600366903315552,3945283252.043973,38267096.357674584
2024-09-11 00:00:00 UTC,0.16578635664869326,4087140746.7812243,42005650.86983526
2024-09-12 00:00:00 UTC,0.16692342844862063,4116666366.0597057,46950320.043582484
2024-09-13 00:00:00 UTC,0.16706671374030965,4125005122.9223285,35387934.24246406
2024-09-14 00:00:00 UTC,0.171475909058273,4232444901.1213703,36578331.071909204
2024-09-15 00:00:00 UTC,0.17739639261538795,4379685633.387583,40275980.87866377
2024-09-16 00:00:00 UTC,0.17031633210788294,4206089586.9010606,75214907.80962214
2024-09-17 00:00:00 UTC,0.16732174128103908,4136326946.9393783,50397509.12546634
2024-09-18 00:00:00 UTC,0.17074889985754596,4218559050.2226114,49657560.7590248
2024-09-19 00:00:00 UTC,0.17326326364093642,4279921049.4878893,54554284.25079702
2024-09-20 00:00:00 UTC,0.17096337223598354,4226777813.2837157,59831901.08430863
2024-09-21 00:00:00 UTC,0.16996413103400723,4206002929.277557,40276445.373268984
2024-09-22 00:00:00 UTC,0.1709545771821644,4231754077.652267,19750939.54056747
2024-09-23 00:00:00 UTC,0.16435600007694295,4067434923.049642,39716066.9128781
2024-09-24 00:00:00 UTC,0.16424840585085226,4067041786.1417556,37428090.925892346
2024-09-25 00:00:00 UTC,0.16494347093300116,4083550278.030981,50390930.50406918
2024-09-26 00:00:00 UTC,0.1612637324185032,3990389642.75371,42791095.46952623
2024-09-27 00:00:00 UTC,0.16383597991747065,4062625594.65453,43291237.91869477
2024-09-28 00:00:00 UTC,0.17153094665930063,4247376762.27515,66878628.83047741
2024-09-29 00:00:00 UTC,0.16712044349936298,4146914673.894577,35511540.54096773
2024-09-30 00:00:00 UTC,0.16315296114047678,4048242636.7646503,28446481.08016497
2024-10-01 00:00:00 UTC,0.15862726633087593,3932068832.1089363,39151056.40387533
2024-10-02 00:00:00 UTC,0.14894639386710556,3699807405.185475,68814126.89940052
2024-10-03 00:00:00 UTC,0.1433079564617844,3557054994.6357737,44452072.947207786
2024-10-04 00:00:00 UTC,0.14648218944958588,3634367832.7454624,30686603.019967075
2024-10-05 00:00:00 UTC,0.14822867091031516,3681674486.950453,31824937.531965677
2024-10-06 00:00:00 UTC,0.14786392162125833,3674364064.1297765,17839099.973693386
2024-10-07 00:00:00 UTC,0.14223308807400722,3540316017.2974153,22245490.766013812
2024-10-08 00:00:00 UTC,0.13605488308380825,3382397325.685881,50065815.64303563
2024-10-09 00:00:00 UTC,0.14018469843802714,3479120743.5101247,39496838.77280179
2024-10-10 00:00:00 UTC,0.13264669456813843,3300953843.372114,28195865.37986111
2024-10-11 00:00:00 UTC,0.13227218123612786,3291637503.535394,38984883.7653567
2024-10-12 00:00:00 UTC,0.13705520640251717,3409772705.254247,36381619.67257747
2024-10-13 00:00:00 UTC,0.1326522433822143,3303601828.8338914,36059614.82531176
2024-10-14 00:00:00 UTC,0.13282320760846528,3302911475.109911,23407517.543105137
2024-10-15 00:00:00 UTC,0.13780869659281392,3436470084.762787,36374945.212916866
2024-10-16 00:00:00 UTC,0.13460852381532346,3355400486.814411,45171406.404031575
2024-10-17 00:00:00 UTC,0.13121184321393395,3270017347.222384,29183539.59018799
2024-10-18 00:00:00 UTC,0.12601686787132463,3142511906.2572346,80694126.55949704
2024-10-19 00:00:00 UTC,0.13064646988647205,3259197842.315414,50774935.791692585
2024-10-20 00:00:00 UTC,0.12932566623160924,3226927573.1382008,26873257.937255934
2024-10-21 00:00:00 UTC,0.1329837613335494,3319299917.674003,30985503.789586153
2024-10-22 00:00:00 UTC,0.12981231899758672,3240080735.4370394,42054640.2675776
2024-10-23 00:00:00 UTC,0.13613893873929567,3401678843.1478043,66801370.098385155
2024-10-24 00:00:00 UTC,0.13120976067321283,3279386898.451381,39976419.4700542
2024-10-25 00:00:00 UTC,0.12937513264205538,3234411998.642116,31975833.66667828
2024-10-26 00:00:00 UTC,0.11326885546207761,2810862108.5420327,71012803.46762912
2024-10-27 00:00:00 UTC,0.11791089441438644,2949845733.1340475,91477423.02269484
2024-10-28 00:00:00 UTC,0.12110606385942932,3032834157.067512,32614898.126612157
2024-10-29 00:00:00 UTC,0.11902123141480851,2979682068.1978436,42354374.978961036
2024-10-30 00:00:00 UTC,0.11267038889943494,2822701698.336924,100816401.66586274
2024-10-31 00:00:00 UTC,0.11241622978533317,2818083343.0521884,92478738.70745343
2024-11-01 00:00:00 UTC,0.11411698793818946,2865586792.324097,103222562.07544349
2024-11-02 00:00:00 UTC,0.11652284560348643,2919754355.9399567,89769240.57449415
2024-11-03 00:00:00 UTC,0.11273537392197232,2825786273.879718,32462034.6049248
2024-11-04 00:00:00 UTC,0.10838284680764881,2719258936.5947757,49935668.55657149
2024-11-05 00:00:00 UTC,0.10369643495978104,2600107586.5324564,50170538.28918492
2024-11-06 00:00:00 UTC,0.11104057730009952,2786071354.490186,52860249.02355023
2024-11-07 00:00:00 UTC,0.12029104543643461,3024796994.9445367,117567368.6123845
2024-11-08 00:00:00 UTC,0.11452161663760682,2874648284.4016995,104574780.28727034
2024-11-09 00:00:00 UTC,0.11185217453370516,2806725763.062857,99503166.28653364
2024-11-10 00:00:00 UTC,0.13450951291963437,3378304205.913108,201220467.2909982
2024-11-11 00:00:00 UTC,0.15153799111694044,3809335368.589197,475141338.88515097
2024-11-12 00:00:00 UTC,0.15274525547534343,3846257365.669471,212335913.76289847
2024-11-13 00:00:00 UTC,0.13933720325992355,3494431458.0687423,217516521.59716186
2024-11-14 00:00:00 UTC,0.1277638260370548,3215255463.75762,140869933.67502353
2024-11-15 00:00:00 UTC,0.14053875287478848,3498995907.629946,235688044.90489888
2024-11-16 00:00:00 UTC,0.139409407139452,3522988245.0846124,171743296.79743004
2024-11-17 00:00:00 UTC,0.14598513171477587,3667277798.5104885,112134259.1876686
2024-11-18 00:00:00 UTC,0.15029008835851076,3785489445.319288,125045664.89957196
2024-11-19 00:00:00 UTC,0.17075233093272751,4309005861.064676,217725356.04599038
2024-11-20 00:00:00 UTC,0.15899605519929702,4003410158.917229,214714171.57904878
2024-11-21 00:00:00 UTC,0.15189580405834532,3832894769.1401896,159999559.1317413
2024-11-22 00:00:00 UTC,0.15348184629733472,3861194222.50379,150856579.52025348
2024-11-23 00:00:00 UTC,0.1534701034773022,3866073186.126494,129531405.11263904
2024-11-24 00:00:00 UTC,0.1536622929233257,3856482110.079764,198554991.92281017
2024-11-25 00:00:00 UTC,0.15293446128181762,3857803631.3202333,182697673.29371864
2024-11-26 00:00:00 UTC,0.14971267386307535,3765682880.790366,179012725.6141742
2024-11-27 00:00:00 UTC,0.14889618848972938,3757718446.5477147,138317967.02951384
2024-11-28 00:00:00 UTC,0.15342501278982587,3872450160.7235165,125082282.33831848
2024-11-29 00:00:00 UTC,0.1520195296377601,3838302864.3294773,108517160.97329259
2024-11-30 00:00:00 UTC,0.15432566569956008,3898105941.215879,111105496.55447482
2024-12-01 00:00:00 UTC,0.16119996379705218,4074423055.214954,188264332.43480048
2024-12-02 00:00:00 UTC,0.16891036457467506,4267350595.6318474,204841696.08439517
2024-12-03 00:00:00 UTC,0.1582536537268728,4000081130.728037,261332550.1325243
2024-12-04 00:00:00 UTC,0.15924651087127742,4030079862.949148,255013046.0744873
2024-12-05 00:00:00 UTC,0.15897565073501269,4023350330.6034408,267400375.84418592
2024-12-06 00:00:00 UTC,0.15918333841749222,4024276460.0328674,229895149.32729208
2024-12-07 00:00:00 UTC,0.17472605070095382,4432447056.215753,321761688.8900516
2024-12-08 00:00:00 UTC,0.18483735119724018,4682564361.110091,379247179.57916254
2024-12-09 00:00:00 UTC,0.18855046998933372,4775215037.780054,250478406.2463891
2024-12-10 00:00:00 UTC,0.16457320200464137,4154625263.0252404,358841117.95756507
2024-12-11 00:00:00 UTC,0.1575885815523179,3985612306.601686,355186581.8164841
2024-12-12 00:00:00 UTC,0.16442856045077733,4171564155.5692773,226392461.23760408
2024-12-13 00:00:00 UTC,0.16290607938918888,4123932898.7770996,250589676.3402033
2024-12-14 00:00:00 UTC,0.16171039465293047,4096936055.5980287,149474442.19555685
2024-12-15 00:00:00 UTC,0.15671426546439374,3968603030.629657,135430126.7885815
2024-12-16 00:00:00 UTC,0.1568848378497651,3986125091.405292,108600575.96005774
2024-12-17 00:00:00 UTC,0.14833539392994938,3769732186.1383767,203475639.284583
2024-12-18 00:00:00 UTC,0.13928962840259546,3531840756.5986705,235749958.25154716
2024-12-19 00:00:00 UTC,0.12736371274179822,3231956711.901785,254029319.74074978
2024-12-20 00:00:00 UTC,0.12134866668485889,3094583384.7591114,303279469.6326194
2024-12-21 00:00:00 UTC,0.12319277627555444,3122907335.822914,321242433.0335555
2024-12-22 00:00:00 UTC,0.1190199157017981,3011207841.6303153,149056593.53848186
2024-12-23 00:00:00 UTC,0.11664795278948856,2969294119.8558803,146376160.8207966
2024-12-24 00:00:00 UTC,0.12156530011519143,3093452201.518087,105747129.44883169
2024-12-25 00:00:00 UTC,0.11816056626632555,2997793879.507753,140955389.95671952
2024-12-26 00:00:00 UTC,0.11977020861203262,3046474275.9522805,106485583.60087554
2024-12-27 00:00:00 UTC,0.11173533165844832,2845893647.223544,112562265.22436361
2024-12-28 00:00:00 UTC,0.11753891009868528,2985710561.841184,78700221.63882153
2024-12-29 00:00:00 UTC,0.12095558393173488,3078380865.7475348,91754695.63330045
2024-12-30 00:00:00 UTC,0.11559742921524468,2942211685.73067,47477862.326571204
2024-12-31 00:00:00 UTC,0.11560513132953683,2936364240.697983,92233964.2017976
2025-01-01 00:00:00 UTC,0.11511615883824383,2928129928.4675627,71793142.39994773
2025-01-02 00:00:00 UTC,0.1169170624936293,2972672308.234469,49216169.34852955
2025-01-03 00:00:00 UTC,0.12261879465331352,3121864902.4777365,72155237.77597637
2025-01-04 00:00:00 UTC,0.12870912322327832,3279268564.7884417,82364480.2524273
2025-01-05 00:00:00 UTC,0.12643859879165972,3219558692.2182236,65235267.719821654
2025-01-06 00:00:00 UTC,0.12430877025462954,3169842566.7285247,77319583.58689395
2025-01-07 00:00:00 UTC,0.12389230476098399,3139239792.037477,100729623.53130284
2025-01-08 00:00:00 UTC,0.11406838515757596,2907903137.683257,90830058.64893207
2025-01-09 00:00:00 UTC,0.11716374973185013,2987089347.11174,144267799.6837932
2025-01-10 00:00:00 UTC,0.11340478179939029,2887926068.4201365,102823009.5752063
2025-01-11 00:00:00 UTC,0.11467501484692301,2924347395.6529927,57323957.952015236
2025-01-12 00:00:00 UTC,0.11611386286895387,2963581611.9377294,39553514.40377579
2025-01-13 00:00:00 UTC,0.11661648889820059,2991365927.779869,36100117.47222769
2025-01-14 00:00:00 UTC,0.11718416595703217,2988948339.985265,137303508.3444605
2025-01-15 00:00:00 UTC,0.13737432527398769,3505666739.5468025,149521672.9577608
2025-01-16 00:00:00 UTC,0.13803504017445242,3523747027.2761464,99381843.75365806
2025-01-17 00:00:00 UTC,0.1455323647425729,3722347819.4395094,124381099.92247649
2025-01-18 00:00:00 UTC,0.154151467076611,3941614346.356377,108210617.6799923
2025-01-19 00:00:00 UTC,0.14086181316523855,3599035015.324004,130913403.74808286
2025-01-20 00:00:00 UTC,0.12397820097241527,3168773748.5588756,230173194.48878425
2025-01-21 00:00:00 UTC,0.12684607763014083,3252381807.4810557,181089045.9380037
2025-01-22 00:00:00 UTC,0.136416587583337,3484986975.310801,116754312.08160502
2025-01-23 00:00:00 UTC,0.1304064663067876,3335108684.764657,58471002.015113965
2025-01-24 00:00:00 UTC,0.13020794967759283,3329652594.4141946,74383956.80632588
2025-01-25 00:00:00 UTC,0.1313659166177717,3357543442.9232006,56843843.196042456
2025-01-26 00:00:00 UTC,0.13176624547162083,3375959531.279745,49379563.97225088
2025-01-27 00:00:00 UTC,0.12831056665360446,3288316075.394783,40600499.862017654
2025-01-28 00:00:00 UTC,0.12791527910977904,3271443860.192918,112892200.58639717
2025-01-29 00:00:00 UTC,0.121386739298368,3104893521.647689,59385002.42376142
2025-01-30 00:00:00 UTC,0.12296676443275018,3153741452.788107,66990702.02775571
2025-01-31 00:00:00 UTC,0.13127217440628997,3360341837.7802525,66493385.7447223
2025-02-01 00:00:00 UTC,0.12964105903717016,3320606162.9587555,51196454.133484796
2025-02-02 00:00:00 UTC,0.12253455191908053,3147522949.103382,47602089.025783576
2025-02-03 00:00:00 UTC,0.11513553826834572,2949376597.5270104,118366943.96358865
2025-02-04 00:00:00 UTC,0.11034121618772265,2835646900.7714496,407533277.8332666
2025-02-05 00:00:00 UTC,0.0993941742284039,2540090443.7309346,119016448.17705666
2025-02-06 00:00:00 UTC,0.09237597597586451,2371027807.7254496,72809414.55086164
2025-02-07 00:00:00 UTC,0.08282236859265651,2112774598.9793456,116003345.6263194
2025-02-08 00:00:00 UTC,0.08739572070763162,2240222616.853702,98836171.34667885
2025-02-09 00:00:00 UTC,0.088463394292174,2273913078.1827426,42869767.4435022
2025-02-10 00:00:00 UTC,0.0866572777963751,2224748914.305012,42230333.950411
2025-02-11 00:00:00 UTC,0.09284559323858722,2384516559.326546,50281619.97998718
2025-02-12 00:00:00 UTC,0.0958774814438047,2463713429.972372,123176638.69811644
2025-02-13 00:00:00 UTC,0.09787764016503119,2511908831.826156,96020363.91222559
2025-02-14 00:00:00 UTC,0.10234599112796619,2628486825.004701,104292154.95341933
2025-02-15 00:00:00 UTC,0.10677259259075947,2742777010.949991,95095653.73317707
2025-02-16 00:00:00 UTC,0.10718043326146953,2756561484.52083,52751588.41098852
2025-02-17 00:00:00 UTC,0.10831713066337989,2783820331.4120064,58633790.99893252
2025-02-18 00:00:00 UTC,0.10467677758541102,2690413421.721854,70640414.13773534
2025-02-19 00:00:00 UTC,0.10210321870242112,2625258882.9893193,65156429.74617863
2025-02-20 00:00:00 UTC,0.10636225216827343,2735700047.9406824,49069300.185707174
2025-02-21 00:00:00 UTC,0.10632220974180139,2735017227.2766786,38600521.00285096
2025-02-22 00:00:00 UTC,0.09924779996944695,2554495414.0585585,79354505.23462775
2025-02-23 00:00:00 UTC,0.1009318482649672,2598759926.6503963,35629934.25467949
2025-02-24 00:00:00 UTC,0.09897728030506373,2549487432.6305885,30096018.045370873
2025-02-25 00:00:00 UTC,0.09030442013771432,2320613172.4663486,63379879.16576554
2025-02-26 00:00:00 UTC,0.09221625205384863,2374347453.5012507,108978632.39200145
2025-02-27 00:00:00 UTC,0.08536411009560814,2202111366.1535187,67044625.54229344
2025-02-28 00:00:00 UTC,0.08403389336995908,2162725704.8812423,49981337.30608219
2025-03-01 00:00:00 UTC,0.07868275950541977,2027845652.9766898,115901776.49492586
2025-03-02 00:00:00 UTC,0.07938511721277264,2046740129.3972106,57920558.307772845
2025-03-03 00:00:00 UTC,0.08969871491841792,2311323505.9230375,115038219.3856809
2025-03-04 00:00:00 UTC,0.07848045406653849,2027799722.4533267,104315193.30533023
2025-03-05 00:00:00 UTC,0.07567811918135374,1948830759.035963,123452658.8619664
2025-03-06 00:00:00 UTC,0.07503665687985211,1937445805.473108,58429539.43100161
2025-03-07 00:00:00 UTC,0.0758657559136953,1958269457.4237845,59375837.9805905
2025-03-08 00:00:00 UTC,0.07007969968566694,1813649845.8297997,78818015.53116201
2025-03-09 00:00:00 UTC,0.0698148282135586,1804632776.273484,53697288.48011986
2025-03-10 00:00:00 UTC,0.06061341204263246,1559078499.6237123,83700467.6591013
2025-03-11 00:00:00 UTC,0.05876162619126414,1516807738.525723,86501342.54597212
2025-03-12 00:00:00 UTC,0.06980923025634415,1803180602.1144516,189830969.35418972
2025-03-13 00:00:00 UTC,0.07137150298295729,1834908454.3375037,93535312.0787165
2025-03-14 00:00:00 UTC,0.07077529807837497,1830686714.5988052,69127693.28059351
2025-03-15 00:00:00 UTC,0.07812968443141599,2018680176.151486,76239341.38186108
2025-03-16 00:00:00 UTC,0.08056795534330691,2080909029.6360736,60738531.70205564
2025-03-17 00:00:00 UTC,0.07363181070495883,1901580034.7987788,59951527.73043074
2025-03-18 00:00:00 UTC,0.07565528121046333,1954784978.0507061,53306412.56012265
2025-03-19 00:00:00 UTC,0.07779846878795403,2007718081.6392744,56932219.81708626
2025-03-20 00:00:00 UTC,0.08283918529858987,2139503967.4634595,104432224.2801444
2025-03-21 00:00:00 UTC,0.07787797335949538,2010074747.832146,64425235.02468664
2025-03-22 00:00:00 UTC,0.07731522392807179,1996880410.4397042,46131928.523802795
2025-03-23 00:00:00 UTC,0.07962194835583548,2055120870.4802835,22681708.785569847
2025-03-24 00:00:00 UTC,0.08009198781454525,2081319909.8852992,28458831.517099917
2025-03-25 00:00:00 UTC,0.07837058131216669,2025482506.1944847,60844766.163722895
2025-03-26 00:00:00 UTC,0.07751541976832048,2005812543.951986,40710583.128283866
2025-03-27 00:00:00 UTC,0.0756877925852127,1959758510.0287013,54362345.64104207
2025-03-28 00:00:00 UTC,0.07546422535162478,1954475314.1337986,34801299.27735068
2025-03-29 00:00:00 UTC,0.06981551426372756,1807004950.406223,47122670.4399143
2025-03-30 00:00:00 UTC,0.06456996677274401,1669977751.389083,52777384.92501295
2025-03-31 00:00:00 UTC,0.06438905865732124,1664519524.63849,37593960.4763383
2025-04-01 00:00:00 UTC,0.0645721273926173,1672405036.585152,57875430.45689691
2025-04-02 00:00:00 UTC,0.06856354520647874,1776290225.1749494,60008468.7431573
2025-04-03 00:00:00 UTC,0.06320031688914088,1633269609.4660969,99116242.56786449
2025-04-04 00:00:00 UTC,0.06501223763585605,1687445022.6875856,78293964.00069846
2025-04-05 00:00:00 UTC,0.0650281764612647,1683960218.7302606,86699405.86999969
2025-04-06 00:00:00 UTC,0.06415460652675097,1655733661.1234202,42713241.44204526
2025-04-07 00:00:00 UTC,0.05808861922811213,1506633806.2363324,115505089.50452127
2025-04-08 00:00:00 UTC,0.06194891255857936,1614936922.5755022,222888283.46440247
2025-04-09 00:00:00 UTC,0.060172981532152704,1563935440.9185972,75719334.13905492
2025-04-10 00:00:00 UTC,0.06784331286994692,1764324032.2631416,115352198.85804318
2025-04-11 00:00:00 UTC,0.06898861984352313,1793075586.0871823,129182898.05268109
2025-04-12 00:00:00 UTC,0.07550386217575221,1961982327.2601857,134239901.49067497
2025-04-13 00:00:00 UTC,0.07734228485965416,2010963984.7480624,89766213.12550701
2025-04-14 00:00:00 UTC,0.07279212611433213,1891862411.4203117,84740954.34133086
2025-04-15 00:00:00 UTC,0.07848148145938619,2040322851.6669366,91961123.80813596
2025-04-16 00:00:00 UTC,0.07449856381338656,1936083111.4795513,73074758.89589478
2025-04-17 00:00:00 UTC,0.07527089074591617,1959225692.617564,76519330.34431206
2025-04-18 00:00:00 UTC,0.0764185763611517,1985935912.6123278,63138714.53103401
2025-04-19 00:00:00 UTC,0.0765422482849369,1990506295.8626928,42497439.913605854
2025-04-20 00:00:00 UTC,0.0785470405583022,2041473717.2088637,32129790.19336364
2025-04-21 00:00:00 UTC,0.07794207763142107,2025344942.1254637,39826748.60397171
2025-04-22 00:00:00 UTC,0.08463682548667735,2198427510.1704793,95718635.78675732
2025-04-23 00:00:00 UTC,0.09838156440855127,2550455190.468515,160750495.61663434
2025-04-24 00:00:00 UTC,0.09518873612767738,2476053530.483813,125738757.49919482
2025-04-25 00:00:00 UTC,0.09793411210571772,2546758855.133918,85763419.60066101
2025-04-26 00:00:00 UTC,0.10358426063369851,2693477404.027502,161101053.69779184
2025-04-27 00:00:00 UTC,0.10062891364515797,2623759425.820857,113093169.26209715
2025-04-28 00:00:00 UTC,0.09650941869731347,2518581798.6690183,79191398.66845992
2025-04-29 00:00:00 UTC,0.09591466899195489,2499047819.8081484,103404786.91984184
2025-04-30 00:00:00 UTC,0.08763677232350384,2286298116.570618,86076506.99293569
2025-05-01 00:00:00 UTC,0.0897865075570669,2342525468.9528494,98322686.39726533
2025-05-02 00:00:00 UTC,0.09403924405469322,2450974939.890616,85472573.0636792
2025-05-03 00:00:00 UTC,0.10182085830918718,2650743531.8537917,74376664.89148201
2025-05-04 00:00:00 UTC,0.09500157044513527,2478383096.5526614,59902876.568276286
2025-05-05 00:00:00 UTC,0.09074632371071663,2366030329.5007515,58192859.90855729
2025-05-06 00:00:00 UTC,0.09555362635172658,2490581021.4773316,64628477.97178592
2025-05-07 00:00:00 UTC,0.09057383626436723,2361191080.3797545,66673345.43772845
2025-05-08 00:00:00 UTC,0.09201915899476827,2400931536.9960423,59189366.507252045
2025-05-09 00:00:00 UTC,0.09913080972165049,2582743211.8766813,99386290.80560787
2025-05-10 00:00:00 UTC,0.10462090369067621,2728215525.8432755,119644623.74377504
2025-05-11 00:00:00 UTC,0.11001210761697967,2876166359.316811,94595719.5188252
2025-05-12 00:00:00 UTC,0.11685805627747048,3056200401.7007675,172936442.28204328
2025-05-13 00:00:00 UTC,0.11684228736295092,3063014986.7374716,300416405.4959272
2025-05-14 00:00:00 UTC,0.12519594077179755,3275905478.596331,200297765.03350577
2025-05-15 00:00:00 UTC,0.12088282802357536,3163601314.5939693,111513863.2078644
2025-05-16 00:00:00 UTC,0.11708509427807057,3053527933.36295,122580063.86226867
2025-05-17 00:00:00 UTC,0.11867803897185987,3105915486.1770573,92787984.7667917
2025-05-18 00:00:00 UTC,0.10916042821825137,2859650956.626205,88389702.96161853
2025-05-19 00:00:00 UTC,0.11111774120720562,2909255200.775697,110893752.34663422
2025-05-20 00:00:00 UTC,0.10755748576645928,2816406234.332509,81424882.04810369
2025-05-21 00:00:00 UTC,0.11067200643820972,2898987155.326892,109788645.3134315
2025-05-22 00:00:00 UTC,0.11345289868766353,2971929172.055846,92665157.6206433
2025-05-23 00:00:00 UTC,0.11727482722967784,3073111448.4295697,107520447.64707792
2025-05-24 00:00:00 UTC,0.10649444751036106,2791606754.338693,110699446.97510323
2025-05-25 00:00:00 UTC,0.10785571311234741,2827443157.7380643,46074975.92785304
2025-05-26 00:00:00 UTC,0.10672860737542428,2801083038.1492043,61816241.80375303
2025-05-27 00:00:00 UTC,0.1049166388992418,2748346661.002236,49972805.660412356
2025-05-28 00:00:00 UTC,0.10677163899157323,2800504704.2571697,59721506.08637792
2025-05-29 00:00:00 UTC,0.1019339757959746,2673977966.2583632,60385243.70502993
2025-05-30 00:00:00 UTC,0.09707208046904943,2548751381.7002587,62779294.87968635
2025-05-31 00:00:00 UTC,0.0867098721679873,2275964710.5871234,91803076.92496802
2025-06-01 00:00:00 UTC,0.0836035922918427,2194376329.1159005,99007323.81547718
2025-06-02 00:00:00 UTC,0.08860346783997294,2325683046.548317,53813303.24990408
2025-06-03 00:00:00 UTC,0.08972313963124284,2355798824.194192,60247946.99741696
2025-06-04 00:00:00 UTC,0.08773445306333218,2304318067.1435347,50477521.94364709
2025-06-05 00:00:00 UTC,0.08324181195810224,2186702708.2835402,50149383.86550349
2025-06-06 00:00:00 UTC,0.08142858986355263,2140690842.088004,65185379.07279076
2025-06-07 00:00:00 UTC,0.08495165195129989,2232246577.8557816,51821349.28468231
2025-06-08 00:00:00 UTC,0.08831448971795014,2321221261.2585077,32374032.171440657
2025-06-09 00:00:00 UTC,0.08655597142803713,2276615533.84555,33266626.232213337
2025-06-10 00:00:00 UTC,0.09000539873020043,2365452183.544419,60610128.869898036
2025-06-11 00:00:00 UTC,0.09075964037115904,2386283472.3981547,58375945.60624014
2025-06-12 00:00:00 UTC,0.08645647439257093,2271820051.0124936,63752726.639244944
2025-06-13 00:00:00 UTC,0.08290565256853497,2181066349.3956413,57558067.49540495
2025-06-14 00:00:00 UTC,0.07837358891875662,2062504017.1422377,89167366.4987564
2025-06-15 00:00:00 UTC,0.07318641024435522,1926749076.1271567,57762303.7004932
2025-06-16 00:00:00 UTC,0.07349034260365203,1934148935.5154123,38713584.15605771
2025-06-17 00:00:00 UTC,0.07659372801715131,2025679497.179616,83676372.2182397
2025-06-18 00:00:00 UTC,0.0713966691871277,1880653384.684679,63950716.48970244
2025-06-19 00:00:00 UTC,0.07240482806462176,1903538484.990814,83706473.403878
2025-06-20 00:00:00 UTC,0.06966052090919765,1833820877.903562,35284192.34647324
2025-06-21 00:00:00 UTC,0.06864775692829155,1808161315.357394,46311915.73646515
2025-06-22 00:00:00 UTC,0.06513634136318887,1712619573.3619678,46088030.63785524
2025-06-23 00:00:00 UTC,0.06412380256829991,1689519019.3202822,96317103.29263462
2025-06-24 00:00:00 UTC,0.07384713864777276,1944462586.7905512,100694785.26104867
2025-06-25 00:00:00 UTC,0.07394988529711051,1948326858.1989071,91824648.02251883
2025-06-26 00:00:00 UTC,0.07699331088240466,2029933102.6628282,130997284.99208125
2025-06-27 00:00:00 UTC,0.07357232698502571,1939075334.7673998,89866397.1680779
2025-06-28 00:00:00 UTC,0.0746668312333993,1967366677.989632,73824373.25153528
2025-06-29 00:00:00 UTC,0.07787035891107606,2051592774.0178883,46040862.11667524
2025-06-30 00:00:00 UTC,0.07921505381855655,2089210736.6989322,54139733.70121763
2025-07-01 00:00:00 UTC,0.07542324064418095,1989858382.8905349,78561378.25757189
2025-07-02 00:00:00 UTC,0.07378699943307258,1943955902.3358455,77572078.88475502
2025-07-03 00:00:00 UTC,0.07808034718410843,2058496719.827577,90943601.13976035
2025-07-04 00:00:00 UTC,0.0785713916050511,2071052426.3825657,87837905.15859619
2025-07-05 00:00:00 UTC,0.07572848632272097,1995898591.0111573,54576928.563925296
2025-07-06 00:00:00 UTC,0.07504445892888768,1978469797.9386795,38363190.17617845
2025-07-07 00:00:00 UTC,0.07750629617645052,2042690538.682223,49104776.755748324
2025-07-08 00:00:00 UTC,0.07535979058980932,1987387184.3717442,62810854.91667191
2025-07-09 00:00:00 UTC,0.07768379390322172,2048366542.9907715,76559825.73117225
2025-07-10 00:00:00 UTC,0.08163523284460439,2151961869.7973113,83306623.87271251
2025-07-11 00:00:00 UTC,0.0868744238879192,2285032597.0579677,106466991.43060923
2025-07-12 00:00:00 UTC,0.08530446352326895,2248939414.2174444,137700324.34141064
2025-07-13 00:00:00 UTC,0.08399944221349706,2213652832.117176,77714484.0283355
2025-07-14 00:00:00 UTC,0.0859155438183351,2261079822.154587,71110485.84993364
2025-07-15 00:00:00 UTC,0.08529786706442259,2249398331.2668114,115964628.77238396
2025-07-16 00:00:00 UTC,0.08734223701434372,2306209893.761734,93488279.69591525
2025-07-17 00:00:00 UTC,0.09371178024577469,2470079510.694427,119887687.56527007
2025-07-18 00:00:00 UTC,0.09399325757651995,2482555955.680687,131667924.69856639
2025-07-19 00:00:00 UTC,0.09209272472109961,2427834647.3927975,151493019.49442232
2025-07-20 00:00:00 UTC,0.09527720138819981,2514110922.1826262,69937111.84485671
2025-07-21 00:00:00 UTC,0.09742432484580447,2565666430.439251,92628504.84284487
2025-07-22 00:00:00 UTC,0.1149264040290753,3031543516.083951,234060138.33102325
2025-07-23 00:00:00 UTC,0.11271712254775053,2972062869.85349,163313731.5665367
2025-07-24 00:00:00 UTC,0.10440269740798913,2752007313.7682033,138609403.17469755
2025-07-25 00:00:00 UTC,0.09799719025119558,2583031641.6161556,149765350.29248795
2025-07-26 00:00:00 UTC,0.10046813421562446,2649280921.9131203,99092126.76358978
2025-07-27 00:00:00 UTC,0.09738164109031722,2567068584.2321453,48978456.66369798
2025-07-28 00:00:00 UTC,0.10501289923396097,2767400661.179117,90536193.58907245
2025-07-29 00:00:00 UTC,0.09679564709846127,2560745173.119202,87266517.34158699
2025-07-30 00:00:00 UTC,0.09556370162703348,2520428235.120804,67738723.1052086
2025-07-31 00:00:00 UTC,0.09390649905113346,2474510421.1122994,84917551.50608613
2025-08-01 00:00:00 UTC,0.08840859366017449,2331279640.549026,74456794.81618582
2025-08-02 00:00:00 UTC,0.08486392405944138,2236668586.403269,115187276.94781272
2025-08-03 00:00:00 UTC,0.08273093380005565,2183291262.3809185,72265358.64420532
2025-08-04 00:00:00 UTC,0.08526515583732448,2247911582.506687,55988066.060614794
2025-08-05 00:00:00 UTC,0.09076239679320995,2391363951.4689856,69768310.95081352
2025-08-06 00:00:00 UTC,0.08661959663751484,2285033278.1279435,61198064.599732794
2025-08-07 00:00:00 UTC,0.08772393332912218,2312885527.673546,52038516.86535092
2025-08-08 00:00:00 UTC,0.0905204338634076,2386464165.800044,70953630.86932829
2025-08-09 00:00:00 UTC,0.09369369460288965,2470478094.828169,73380689.75919153
2025-08-10 00:00:00 UTC,0.0951358778646962,2508144011.8805957,53024346.639185
2025-08-11 00:00:00 UTC,0.09339035513218531,2462125385.8544755,59927448.533623695
2025-08-12 00:00:00 UTC,0.08986427141210467,2369375271.999874,79627459.47929175
2025-08-13 00:00:00 UTC,0.09701667089623307,2557488916.742425,97169431.0700203
2025-08-14 00:00:00 UTC,0.09935935340599693,2623703268.011814,86960572.86858165
2025-08-15 00:00:00 UTC,0.09073475798850107,2392120029.083229,93911925.70336057
2025-08-16 00:00:00 UTC,0.08973694519902753,2362946631.3742085,47771785.20994979
2025-08-17 00:00:00 UTC,0.09024178616092714,2377283561.2490077,28218469.15533674
2025-08-18 00:00:00 UTC,0.09174163855829895,2418583462.474774,43959714.70303934
2025-08-19 00:00:00 UTC,0.08767938169203415,2310502465.1682386,62185404.80011036
2025-08-20 00:00:00 UTC,0.08301136393728824,2191674986.24678,54419163.50659282
2025-08-21 00:00:00 UTC,0.08747086914526254,2310083616.2387347,50031217.67092351
2025-08-22 00:00:00 UTC,0.08571441244347074,2254295730.1662927,40004088.103826806
2025-08-23 00:00:00 UTC,0.09299804127262937,2453220082.8462534,89770907.2239353
2025-08-24 00:00:00 UTC,0.09055415064794078,2387352235.521323,39792553.84673333
2025-08-25 00:00:00 UTC,0.08987008484708171,2372716042.732197,54317403.66680875
2025-08-26 00:00:00 UTC,0.0842711175553754,2222128089.328596,62286509.749391675
2025-08-27 00:00:00 UTC,0.08798509794371424,2320996949.5104213,40661867.996935256
2025-08-28 00:00:00 UTC,0.08702104511367038,2295383829.2962966,35149459.40777087
2025-08-29 00:00:00 UTC,0.08948077312852842,2357579490.7669454,49044791.559244454
2025-08-30 00:00:00 UTC,0.08466455558985841,2232551238.0106206,48855123.52242006
2025-08-31 00:00:00 UTC,0.0852961450545693,2249080647.0698066,22014212.37761031
2025-09-01 00:00:00 UTC,0.08389354402757794,2211960752.919738,27368816.24176365
2025-09-02 00:00:00 UTC,0.08228397470689121,2170161126.3402557,48378176.96841123
2025-09-03 00:00:00 UTC,0.08405454861230853,2215334594.970693,35904097.9816624
2025-09-04 00:00:00 UTC,0.08436366548507615,2224832838.697297,23901788.301223096
2025-09-05 00:00:00 UTC,0.08166149102780865,2152955146.866395,24897357.835389927
2025-09-06 00:00:00 UTC,0.08063384604062128,2126071447.097757,36823783.396703444
2025-09-07 00:00:00 UTC,0.07789197865358877,2053635155.8236141,50219684.24121087
2025-09-08 00:00:00 UTC,0.08010580458459042,2112497673.7138307,28503090.160823856
2025-09-09 00:00:00 UTC,0.08110001438662633,2141209341.4739895,32778190.694400087
2025-09-10 00:00:00 UTC,0.08083351365519549,2132006531.5438573,42488747.73510234
2025-09-11 00:00:00 UTC,0.08280072392942182,2182748164.0884814,37395591.81796047
2025-09-12 00:00:00 UTC,0.08630541917406134,2273471687.491799,48616143.48489399
2025-09-13 00:00:00 UTC,0.08864940859612029,2337734680.027846,45095389.06705941
2025-09-14 00:00:00 UTC,0.08964307733356408,2363327088.276886,46538686.00699987
2025-09-15 00:00:00 UTC,0.08555249951455758,2255489665.676197,49378209.571880564
2025-09-16 00:00:00 UTC,0.08335559048944147,2196966100.1516805,58069687.541228876
2025-09-17 00:00:00 UTC,0.08628619467086801,2274555926.4837565,45131202.35918591
2025-09-18 00:00:00 UTC,0.08867685208813003,2339523016.531165,62855791.66566707
2025-09-19 00:00:00 UTC,0.08806653054369129,2320393268.9309998,56231688.668331064
2025-09-20 00:00:00 UTC,0.08408109766179316,2217691265.611865,42147673.06629257
2025-09-21 00:00:00 UTC,0.08405888433070167,2216021738.6680355,24949738.532303553
2025-09-22 00:00:00 UTC,0.08170157399759777,2154340001.5347447,35750572.62378976
2025-09-23 00:00:00 UTC,0.0790014436933133,2083640504.2450724,77161878.08189602
2025-09-24 00:00:00 UTC,0.0783117567511652,2065207333.5824082,45553617.59547476
2025-09-25 00:00:00 UTC,0.07866101385818972,2073476142.3466322,35239064.12335493
2025-09-26 00:00:00 UTC,0.07531783393825897,1985139778.4004185,62506877.350389056
2025-09-27 00:00:00 UTC,0.07811284044247396,2058744202.326512,54955737.1242173
2025-09-28 00:00:00 UTC,0.07641982262299225,2014717526.1622562,26668013.21280648
2025-09-29 00:00:00 UTC,0.07772169334249032,2079076203.497276,35550200.738078706
2025-09-30 00:00:00 UTC,0.0770254842141384,2061211018.1344142,41716191.5694114
2025-10-01 00:00:00 UTC,0.07513707129377639,2009755992.2247286,46452619.68954841
2025-10-02 00:00:00 UTC,0.07973407641987133,2130633134.9050157,52138234.819169775
2025-10-03 00:00:00 UTC,0.08136583472861238,2174837951.228497,46874458.49649282
